date,open,high,low,close,volume
2015-01-05 00:00:00,3566.09,3669.04,3551.51,3641.54,451198098
2015-01-06 00:00:00,3608.43,3683.23,3587.23,3641.06,420962185
2015-01-07 00:00:00,3620.92,3671.19,3601.7,3643.79,320191232
2015-01-08 00:00:00,3650.07,3659.95,3552.1,3559.26,295003045
2015-01-09 00:00:00,3547.57,3689.75,3536.4,3546.72,349982672
2015-01-12 00:00:00,3531.51,3560.53,3461.32,3513.58,266567175
2015-01-13 00:00:00,3506.45,3550.16,3494.77,3514.04,187153965
2015-01-14 00:00:00,3522.91,3547.24,3471.56,3502.42,196012510
2015-01-15 00:00:00,3501.72,3604.12,3482.27,3604.12,237812338
2015-01-16 00:00:00,3616.25,3662.16,3601.26,3635.15,282681614
2015-01-19 00:00:00,3414.01,3497.25,3330.98,3355.16,329505275
2015-01-20 00:00:00,3336.79,3419.2,3325.68,3396.22,297843232
2015-01-21 00:00:00,3420.49,3557.79,3409.43,3548.89,337928210
2015-01-22 00:00:00,3551.05,3576.76,3520.05,3567.61,268853599
2015-01-23 00:00:00,3582.09,3627.81,3548.63,3571.73,280172172
2015-01-26 00:00:00,3580.12,3611.62,3559.38,3607.99,239766203
2015-01-27 00:00:00,3614.04,3616.26,3510.02,3574.93,287669179
2015-01-28 00:00:00,3547.24,3583.31,3512.39,3525.32,216220214
2015-01-29 00:00:00,3474.92,3505.58,3453.9,3481.8,211618860
2015-01-30 00:00:00,3496.89,3514.22,3431.94,3434.39,196479157
2015-02-02 00:00:00,3360.19,3407.26,3347.08,3353.96,195183699
2015-02-03 00:00:00,3388.6,3441.71,3360.72,3437.45,192846096
2015-02-04 00:00:00,3446.14,3476.82,3399.56,3401.77,191304349
2015-02-05 00:00:00,3487.95,3487.95,3366.86,3366.95,250430609
2015-02-06 00:00:00,3352.33,3374.05,3285.94,3312.42,192664186
2015-02-09 00:00:00,3305.73,3376.53,3298.6,3345.92,172353820
2015-02-10 00:00:00,3345.08,3407.18,3339.55,3406.94,159309088
2015-02-11 00:00:00,3415.98,3445.66,3412.14,3434.12,144613772
2015-02-12 00:00:00,3435.36,3453.58,3405.63,3442.87,156081691
2015-02-13 00:00:00,3458.83,3509.5,3452.08,3469.83,201089971
2015-02-16 00:00:00,3473.29,3504.48,3466.61,3499.48,165641343
2015-02-17 00:00:00,3511.54,3536.82,3511.09,3522.32,165328313
2015-02-25 00:00:00,3529.55,3529.55,3463.96,3478.73,165539351
2015-02-26 00:00:00,3473.71,3569.33,3456.87,3566.29,229328438
2015-02-27 00:00:00,3565.23,3594.81,3560.46,3572.84,222786438
2015-03-02 00:00:00,3603.45,3608.69,3566.53,3601.26,248176125
2015-03-03 00:00:00,3579.31,3579.31,3504.2,3507.9,261866489
2015-03-04 00:00:00,3514.67,3540.91,3497.17,3530.82,199663981
2015-03-05 00:00:00,3513.25,3517.08,3467.68,3496.34,217508805
2015-03-06 00:00:00,3501.18,3516.24,3472.39,3478.52,181518054
2015-03-09 00:00:00,3449.7,3546.71,3417.49,3537.75,233940411
2015-03-10 00:00:00,3523.64,3551.21,3511.99,3520.61,194267657
2015-03-11 00:00:00,3524.57,3568.92,3512.22,3524.65,188947825
2015-03-12 00:00:00,3557.69,3603.34,3536.53,3592.84,265664625
2015-03-13 00:00:00,3604.67,3641.39,3594.74,3617.66,246864768
2015-03-16 00:00:00,3641.77,3705.74,3621.12,3705.67,275438307
2015-03-17 00:00:00,3733.96,3762.57,3716.81,3757.12,371625666
2015-03-18 00:00:00,3769.09,3846.05,3763.85,3846.05,415190011
2015-03-19 00:00:00,3851.25,3859.13,3809.71,3839.74,391547630
2015-03-20 00:00:00,3852.49,3916.86,3832.42,3892.57,401817552
2015-03-23 00:00:00,3923.08,3972.3,3922.21,3972.06,391119922
2015-03-24 00:00:00,3980.07,3989.86,3883.78,3973.05,468581312
2015-03-25 00:00:00,3961.58,3980.72,3913.99,3940.41,379968851
2015-03-26 00:00:00,3921.75,3992,3892.88,3950,346756315
2015-03-27 00:00:00,3957.54,3993.03,3932.87,3971.7,298756064
2015-03-30 00:00:00,3999.02,4101.65,3999.02,4088.18,428297020
2015-03-31 00:00:00,4138.88,4166.02,4037.77,4051.2,436065635
2015-04-01 00:00:00,4057.5,4139.5,4046.94,4123.9,329512853
2015-04-02 00:00:00,4149.95,4156.84,4068.65,4124.78,339070487
2015-04-03 00:00:00,4104.67,4170.56,4092.38,4170.54,321303766
2015-04-07 00:00:00,4213.89,4260.47,4197.02,4260.04,415362654
2015-04-08 00:00:00,4277.45,4304.78,4204.83,4295.8,458676715
2015-04-09 00:00:00,4316.96,4332.17,4212.61,4262.14,439699902
2015-04-10 00:00:00,4249.38,4351.69,4231.2,4344.42,348190170
2015-04-13 00:00:00,4394.05,4432.02,4361.59,4421.07,434153036
2015-04-14 00:00:00,4432.13,4474.35,4385.91,4438.18,434432126
2015-04-15 00:00:00,4439.31,4476,4379.61,4380.51,472154131
2015-04-16 00:00:00,4355.49,4513.77,4335.63,4513.55,422603748
2015-04-17 00:00:00,4578.68,4630.27,4553.9,4596.14,552802663
2015-04-20 00:00:00,4615.03,4671.17,4492.6,4521.92,686439075
2015-04-21 00:00:00,4520.46,4620.06,4504.56,4619.16,490314991
2015-04-22 00:00:00,4637.06,4740.93,4632.59,4739.81,516213792
2015-04-23 00:00:00,4764.48,4782.04,4693.97,4740.89,497430954
2015-04-24 00:00:00,4682.63,4730.43,4618.32,4702.64,480152936
2015-04-27 00:00:00,4753.87,4810.48,4735.31,4807.59,513076548
2015-04-28 00:00:00,4811.32,4839.08,4703.57,4741.86,608638545
2015-04-29 00:00:00,4722.9,4797.93,4695.79,4774.33,395056980
2015-04-30 00:00:00,4788.41,4818.73,4749.48,4749.89,399727444
2015-05-04 00:00:00,4757.64,4795.92,4699.4,4787.74,377843853
2015-05-05 00:00:00,4785.19,4785.19,4572.98,4596.84,460419626
2015-05-06 00:00:00,4626.23,4700.91,4511.76,4553.33,376073702
2015-05-07 00:00:00,4520.82,4546.34,4467.46,4470.09,297759203
2015-05-08 00:00:00,4515.55,4559.06,4445.59,4558.4,302407967
2015-05-11 00:00:00,4582.09,4690.95,4535.15,4690.53,373838420
2015-05-12 00:00:00,4692.12,4748,4660.02,4747.42,377053891
2015-05-13 00:00:00,4746.71,4758,4678.85,4718.44,370730424
2015-05-14 00:00:00,4717.96,4735.28,4670.17,4700.78,337725152
2015-05-15 00:00:00,4690.75,4690.75,4592.05,4617.47,328431166
2015-05-18 00:00:00,4582.06,4623.38,4565.06,4575.14,269180489
2015-05-19 00:00:00,4577.64,4740,4577.64,4731.22,314785952
2015-05-20 00:00:00,4751.57,4843.1,4745.21,4754.92,363180748
2015-05-21 00:00:00,4768.69,4841.62,4746.03,4840.98,305054537
2015-05-22 00:00:00,4895.92,4951.99,4870.6,4951.33,455846718
2015-05-25 00:00:00,4949.11,5099.84,4949.11,5099.5,465736590
2015-05-26 00:00:00,5140.8,5199.29,5063.15,5198.92,487949359
2015-05-27 00:00:00,5216.17,5226.84,5126.86,5181.43,470798730
2015-05-28 00:00:00,5174.1,5213.18,4831.33,4834.01,571829047
2015-05-29 00:00:00,4839.53,4924.3,4665.52,4840.83,427878859
2015-06-01 00:00:00,4862.76,5079.32,4835.77,5076.18,417503741
2015-06-02 00:00:00,5091.27,5162.56,5047.08,5161.87,412973196
2015-06-03 00:00:00,5176.6,5186.97,5059.5,5143.59,414258270
2015-06-04 00:00:00,5156.01,5194.23,4863.46,5181.42,482767268
2015-06-05 00:00:00,5254.9,5288.34,5104.18,5230.55,545961196
2015-06-08 00:00:00,5259.41,5370.61,5202.59,5353.75,637313237
2015-06-09 00:00:00,5379.47,5380.43,5251.21,5317.46,570427263
2015-06-10 00:00:00,5254.3,5374.83,5209.68,5309.11,442165676
2015-06-11 00:00:00,5305.14,5329.29,5248.16,5306.59,392338755
2015-06-12 00:00:00,5329.28,5351.65,5283.09,5335.12,430131386
2015-06-15 00:00:00,5354.01,5362.45,5207.31,5221.17,475745703
2015-06-16 00:00:00,5165.02,5204.3,5015.26,5064.82,411675638
2015-06-17 00:00:00,5072.31,5158.37,4949.29,5138.83,397124187
2015-06-18 00:00:00,5107.69,5121.22,4926.43,4930.55,364395814
2015-06-19 00:00:00,4847.06,4910.45,4634.69,4637.05,358104744
2015-06-23 00:00:00,4641.42,4786.96,4455.33,4786.09,365087944
2015-06-24 00:00:00,4811.59,4883.73,4744.31,4880.13,434638723
2015-06-25 00:00:00,4906.24,4919.26,4667.22,4706.52,446135982
2015-06-26 00:00:00,4573.87,4650.19,4278.68,4336.19,446639790
2015-06-29 00:00:00,4446.84,4451.17,4000.93,4191.55,525662482
2015-06-30 00:00:00,4161.07,4475.77,4016.01,4473,527045280
2015-07-01 00:00:00,4408.98,4526.13,4235.7,4253.02,431721411
2015-07-02 00:00:00,4287.73,4312.19,4000.06,4108,457062194
2015-07-03 00:00:00,4017.2,4164.63,3785.9,3885.92,429300850
2015-07-06 00:00:00,4218.27,4218.27,3832.47,3998.54,648094530
2015-07-07 00:00:00,3877.85,3960.64,3743.62,3928,679385007
2015-07-08 00:00:00,3651.06,3762.62,3612.25,3663.04,581467097
2015-07-09 00:00:00,3621.68,3930.26,3537.83,3897.63,503870610
2015-07-10 00:00:00,3916.27,4179.11,3887.55,4106.56,500701802
2015-07-13 00:00:00,4132.23,4278.16,4072.43,4211.81,502092186
2015-07-14 00:00:00,4178.63,4258.51,4062.5,4112.15,454422009
2015-07-15 00:00:00,4068.88,4114.24,3899.51,3966.76,421956367
2015-07-16 00:00:00,3949.64,4067.02,3856.32,3997.36,330531345
2015-07-17 00:00:00,4023.76,4190.19,4000.23,4151.5,331107131
2015-07-20 00:00:00,4157.06,4221.69,4106.39,4160.61,352673472
2015-07-21 00:00:00,4109.76,4201.48,4081.7,4166.01,318374945
2015-07-22 00:00:00,4148.56,4187.43,4094.71,4157.16,318945997
2015-07-23 00:00:00,4158.93,4262.06,4148.82,4250.81,354471759
2015-07-24 00:00:00,4255.2,4299.65,4154.62,4176.28,392045373
2015-07-27 00:00:00,4097.8,4156.31,3817.17,3818.73,365054511
2015-07-28 00:00:00,3690.97,3883.45,3627.42,3811.09,383527216
2015-07-29 00:00:00,3839.96,3934,3769.19,3930.38,276972845
2015-07-30 00:00:00,3915.78,3968.53,3802.88,3815.41,271548665
2015-07-31 00:00:00,3777.15,3863.62,3757.99,3816.7,222376767
2015-08-03 00:00:00,3766.07,3829.24,3742.58,3829.24,245805030
2015-08-04 00:00:00,3827.37,3948.45,3801.03,3948.16,220236556
2015-08-05 00:00:00,3937.62,3962.28,3858.66,3866.9,200484269
2015-08-06 00:00:00,3802.93,3888.69,3793.24,3831.85,147278694
2015-08-07 00:00:00,3866.43,3926.65,3857.91,3906.94,183349153
2015-08-10 00:00:00,3947.47,4101.73,3932.84,4084.36,306780540
2015-08-11 00:00:00,4083.59,4110.13,4042,4066.67,322034191
2015-08-12 00:00:00,4025.67,4078.03,4015.35,4016.13,255146196
2015-08-13 00:00:00,4010.01,4075.7,3967.82,4075.46,242836979
2015-08-14 00:00:00,4097.92,4113.16,4056.73,4073.54,253392996
2015-08-17 00:00:00,4058.11,4081.77,4009.99,4077.87,256939638
2015-08-18 00:00:00,4084.31,4103.05,3816.55,3825.41,319881070
2015-08-19 00:00:00,3748.27,3898.74,3668.19,3886.14,269049839
2015-08-20 00:00:00,3848.4,3880.82,3761.45,3761.45,212167965
2015-08-21 00:00:00,3714.29,3757.78,3578.17,3589.54,217986403
2015-08-24 00:00:00,3454.6,3468.15,3266.55,3275.53,255436652
2015-08-25 00:00:00,3070.01,3200.11,3019.56,3042.93,276081306
2015-08-26 00:00:00,3062.57,3192.93,2952.01,3025.69,308270623
2015-08-27 00:00:00,3092.81,3206.72,3028.4,3205.64,267294930
2015-08-28 00:00:00,3246.24,3353.24,3223.62,3342.29,299498426
2015-08-31 00:00:00,3307.4,3368.28,3205.54,3366.54,280250403
2015-09-01 00:00:00,3296.53,3370.5,3190.58,3362.08,352458528
2015-09-02 00:00:00,3220.85,3387.02,3213.64,3365.83,347789412
2015-09-07 00:00:00,3347.29,3422.22,3240.24,3250.49,204224431
2015-09-08 00:00:00,3221.79,3340.22,3170.81,3334.02,154599631
2015-09-09 00:00:00,3344.82,3426.65,3330.29,3399.31,220467421
2015-09-10 00:00:00,3349.28,3398.32,3337.31,3357.56,144882971
2015-09-11 00:00:00,3349.88,3383.13,3315.48,3347.19,108547508
2015-09-14 00:00:00,3367.64,3373.92,3187.57,3281.13,205457251
2015-09-15 00:00:00,3208.74,3240.08,3131.98,3152.23,143555641
2015-09-16 00:00:00,3149.16,3345.92,3131.37,3309.25,159709994
2015-09-17 00:00:00,3287.66,3354.91,3237,3237,169401881
2015-09-18 00:00:00,3254.44,3280.88,3227.83,3251.27,106903481
2015-09-21 00:00:00,3222.6,3312.55,3211.93,3308.25,122788668
2015-09-22 00:00:00,3312.37,3371.41,3303.18,3339.03,146221985
2015-09-23 00:00:00,3290.07,3315.94,3253.33,3263.03,123171439
2015-09-24 00:00:00,3278.9,3300.86,3255.9,3285,102011238
2015-09-25 00:00:00,3272.67,3290.86,3201.91,3231.95,121419278
2015-09-28 00:00:00,3226.61,3246.55,3186.51,3242.75,74219468
2015-09-29 00:00:00,3197.22,3208.42,3159.04,3178.85,87150633
2015-09-30 00:00:00,3195.9,3223.91,3186.77,3202.95,78559349
2015-10-08 00:00:00,3324.98,3337.33,3294.6,3296.48,132081768
2015-10-09 00:00:00,3302.36,3352.38,3293.97,3340.12,124352500
2015-10-12 00:00:00,3351.14,3486.63,3347.25,3447.69,221400468
2015-10-13 00:00:00,3422.48,3452.05,3413.97,3445.04,145433786
2015-10-14 00:00:00,3431.14,3458.7,3403.23,3406.11,152173938
2015-10-15 00:00:00,3403.39,3486.81,3402.32,3486.81,171158299
2015-10-16 00:00:00,3508.52,3537.54,3487.1,3534.07,208964709
2015-10-19 00:00:00,3548.95,3572.99,3502.5,3534.18,207606744
2015-10-20 00:00:00,3527.88,3577.8,3510.44,3577.7,179025108
2015-10-21 00:00:00,3580.84,3601.24,3417.41,3473.25,282076050
2015-10-22 00:00:00,3453.2,3530.77,3442.31,3524.53,184305580
2015-10-23 00:00:00,3536.84,3581.84,3515.82,3571.24,198294478
2015-10-26 00:00:00,3614.7,3620.76,3561.19,3589.26,204248863
2015-10-27 00:00:00,3569.45,3601.05,3486.1,3592.88,192056140
2015-10-28 00:00:00,3575.8,3598.17,3517.21,3524.92,170977098
2015-10-29 00:00:00,3539.98,3561.81,3507.97,3533.31,127010446
2015-10-30 00:00:00,3530.22,3574.47,3497.57,3534.08,139141914
2015-11-02 00:00:00,3489.23,3543.45,3474.71,3475.96,130002568
2015-11-03 00:00:00,3484.72,3501.7,3452.62,3465.49,101401876
2015-11-04 00:00:00,3477.16,3628.54,3477.16,3628.54,205423865
2015-11-05 00:00:00,3630.78,3781.41,3627.3,3705.97,398046568
2015-11-06 00:00:00,3698.34,3801.71,3694.66,3793.37,298753076
2015-11-09 00:00:00,3796.38,3891.77,3796.38,3840.35,356804823
2015-11-10 00:00:00,3806.67,3876.49,3798.82,3833.24,286519603
2015-11-11 00:00:00,3828.45,3843.11,3781.41,3833.65,232234296
2015-11-12 00:00:00,3841.74,3843.9,3771.27,3795.32,217537647
2015-11-13 00:00:00,3756.2,3793.71,3727.58,3746.24,203489891
2015-11-16 00:00:00,3682.73,3764.41,3680.07,3764.13,161690901
2015-11-17 00:00:00,3790.43,3852.77,3750.16,3758.39,248533071
2015-11-18 00:00:00,3760.46,3771.85,3706.31,3715.58,185689495
2015-11-19 00:00:00,3725.62,3775.23,3714.67,3774.97,154631989
2015-11-20 00:00:00,3778.88,3793.54,3757.03,3774.38,186951689
2015-11-23 00:00:00,3774.44,3802.85,3743.41,3753.34,175626812
2015-11-24 00:00:00,3745.76,3754.17,3702.74,3753.89,143383283
2015-11-25 00:00:00,3747.76,3781.86,3735.72,3781.61,151944941
2015-11-26 00:00:00,3795.25,3805.84,3756.82,3759.43,173525468
2015-11-27 00:00:00,3739.1,3742.74,3534.39,3556.99,208939358
2015-11-30 00:00:00,3554.89,3587.97,3455.07,3566.41,173201163
2015-12-01 00:00:00,3562.32,3617.31,3536.12,3591.7,136536554
2015-12-02 00:00:00,3587.76,3725.85,3573.4,3721.95,213538865
2015-12-03 00:00:00,3709.55,3758.45,3693.14,3749.3,197762126
2015-12-04 00:00:00,3719.73,3726.12,3667.29,3677.59,151199522
2015-12-07 00:00:00,3681.58,3699.34,3658.58,3687.61,113883150
2015-12-08 00:00:00,3668.84,3668.84,3619.44,3623.02,125781083
2015-12-09 00:00:00,3613.42,3655.16,3611.49,3635.94,113325422
2015-12-10 00:00:00,3634.37,3678.32,3615.99,3623.08,120215625
2015-12-11 00:00:00,3605.37,3630.74,3578.15,3608.06,110322481
2015-12-14 00:00:00,3573.88,3712.5,3571,3711.32,151769119
2015-12-15 00:00:00,3707.73,3717.36,3679.23,3694.39,126481710
2015-12-16 00:00:00,3703.95,3713.09,3677.45,3685.44,111342723
2015-12-17 00:00:00,3712.78,3768.84,3709.85,3755.89,177924075
2015-12-18 00:00:00,3754.96,3810.22,3750.93,3767.91,173465980
2015-12-21 00:00:00,3762.1,3877.82,3759.99,3865.96,217435275
2015-12-22 00:00:00,3872.1,3880.47,3841.59,3876.73,180303661
2015-12-23 00:00:00,3877.87,3926.69,3862.96,3866.38,207017147
2015-12-24 00:00:00,3858.13,3867.68,3787.08,3829.4,147181397
2015-12-25 00:00:00,3832.08,3848.02,3813.2,3838.2,119624013
2015-12-28 00:00:00,3847.53,3853.39,3727.63,3727.63,153988440
2015-12-29 00:00:00,3723.05,3762.05,3710.48,3761.87,101885555
2015-12-30 00:00:00,3762.91,3765.66,3726.28,3765.18,105629955
2015-12-31 00:00:00,3760.9,3772.62,3727.32,3731,101873556
2016-01-04 00:00:00,3725.86,3726.24,3468.95,3469.07,115370674
2016-01-05 00:00:00,3382.18,3518.22,3377.28,3478.78,162116984
2016-01-06 00:00:00,3482.41,3543.74,3468.47,3539.81,145966144
2016-01-07 00:00:00,3481.15,3481.15,3284.74,3294.38,44102641
2016-01-08 00:00:00,3371.87,3418.85,3237.93,3361.56,185959451
2016-01-11 00:00:00,3303.12,3342.48,3192.45,3192.45,174638387
2016-01-12 00:00:00,3214.82,3242.25,3174.55,3215.71,128225796
2016-01-13 00:00:00,3240.48,3257.3,3155.88,3155.88,120666494
2016-01-14 00:00:00,3076.64,3226.66,3072.04,3221.57,134537671
2016-01-15 00:00:00,3200.89,3216.8,3101.05,3118.73,124601779
2016-01-18 00:00:00,3068.23,3165.62,3066.73,3130.73,101128386
2016-01-19 00:00:00,3132.7,3227.91,3119.22,3223.12,127653893
2016-01-20 00:00:00,3204.22,3225.95,3154.43,3174.38,130650504
2016-01-21 00:00:00,3136.38,3202.54,3081.35,3081.35,111189733
2016-01-22 00:00:00,3114.9,3132.17,3053.96,3113.46,89951087
2016-01-25 00:00:00,3129.03,3149.33,3105.1,3128.89,81540061
2016-01-26 00:00:00,3099.6,3106.53,2934.65,2940.51,126933921
2016-01-27 00:00:00,2953.18,2963.54,2839.29,2930.35,132229366
2016-01-28 00:00:00,2909.33,2941.89,2841.84,2853.76,99222756
2016-01-29 00:00:00,2855.6,2965.31,2854.37,2946.09,113304259
2016-02-01 00:00:00,2939.04,2944.52,2869.56,2901.05,86795342
2016-02-02 00:00:00,2901.53,2972.43,2901.51,2961.33,88601963
2016-02-03 00:00:00,2931.29,2954.71,2909.9,2948.64,77389000
2016-02-04 00:00:00,2960.33,2999.21,2960.21,2984.76,91779724
2016-02-05 00:00:00,2982.06,2988.36,2962.85,2963.79,76850808
2016-02-15 00:00:00,2888.43,2961.49,2886.02,2946.71,72919434
2016-02-16 00:00:00,2962.19,3042.09,2962.19,3037.04,112579643
2016-02-17 00:00:00,3034.09,3065.78,3027.05,3063.32,128291607
2016-02-18 00:00:00,3079.53,3093.51,3049.84,3053.7,124401464
2016-02-19 00:00:00,3047.94,3065.97,3032.63,3051.58,87338012
2016-02-22 00:00:00,3083.93,3128.21,3071.33,3118.87,140946968
2016-02-23 00:00:00,3117.2,3119.22,3061.43,3089.36,112567391
2016-02-24 00:00:00,3077.61,3109.55,3055.25,3109.55,111782650
2016-02-25 00:00:00,3104.41,3104.44,2905.46,2918.75,157829752
2016-02-26 00:00:00,2942.1,2964.39,2902.95,2948.03,106949729
2016-02-29 00:00:00,2939.58,2939.87,2821.21,2877.47,129341020
2016-03-01 00:00:00,2881.34,2950.44,2863.32,2930.69,116045918
2016-03-02 00:00:00,2933.92,3054.72,2933.12,3051.33,175972347
2016-03-03 00:00:00,3050.39,3078.44,3040.25,3058.42,173105744
2016-03-04 00:00:00,3047.54,3101.66,3032.42,3093.89,219172534
2016-03-07 00:00:00,3109,3130.9,3083.58,3104.84,132462037
2016-03-08 00:00:00,3100.15,3109.25,3001.83,3107.67,136235742
2016-03-09 00:00:00,3045.92,3072.92,3020.13,3071.91,111466245
2016-03-10 00:00:00,3056.21,3074.16,3012.69,3013.15,76072197
2016-03-11 00:00:00,2990.21,3026.44,2982.17,3018.28,73333564
2016-03-14 00:00:00,3039.57,3106.8,3034,3065.69,117108655
2016-03-15 00:00:00,3061.34,3077.08,3028.58,3074.78,98311941
2016-03-16 00:00:00,3068.87,3100.35,3064.52,3090.03,124736448
2016-03-17 00:00:00,3096.81,3147.84,3077.57,3124.2,121661777
2016-03-18 00:00:00,3136.22,3197.67,3130.1,3171.96,197302564
2016-03-21 00:00:00,3203.29,3267.78,3198.36,3249.44,233269464
2016-03-22 00:00:00,3231.61,3249.68,3218.73,3225.79,161020897
2016-03-23 00:00:00,3217.73,3242.25,3202.98,3236.09,125679286
2016-03-24 00:00:00,3211.5,3221.91,3181.81,3181.85,133131122
2016-03-25 00:00:00,3176.81,3204.44,3174.32,3197.82,97395330
2016-03-28 00:00:00,3206.95,3229.62,3161.88,3169.73,103441933
2016-03-29 00:00:00,3171.31,3178.07,3122.76,3135.41,97294747
2016-03-30 00:00:00,3161.29,3216.68,3161.29,3216.28,117802512
2016-03-31 00:00:00,3229.2,3241.93,3208.66,3218.09,121552074
2016-04-01 00:00:00,3213.67,3222.61,3165.86,3221.89,118122139
2016-04-05 00:00:00,3211.3,3271.93,3205.21,3264.49,146047772
2016-04-06 00:00:00,3250.52,3267.64,3236.2,3257.53,120196305
2016-04-07 00:00:00,3266.29,3270.82,3208.64,3209.29,112409467
2016-04-08 00:00:00,3189.85,3197.77,3163.3,3185.73,101005625
2016-04-11 00:00:00,3213.51,3251.57,3213.51,3230.1,125212709
2016-04-12 00:00:00,3227.37,3232.26,3198.9,3218.45,92869437
2016-04-13 00:00:00,3237.86,3296.52,3237.86,3261.38,195613866
2016-04-14 00:00:00,3277.1,3286.07,3252.05,3275.83,113157327
2016-04-15 00:00:00,3279.86,3282.98,3261.73,3272.21,99807529
2016-04-18 00:00:00,3252.67,3252.67,3221.66,3228.45,97090069
2016-04-19 00:00:00,3243.97,3250.73,3221.58,3238.3,80871440
2016-04-20 00:00:00,3244.14,3248.42,3107.37,3181.03,162207858
2016-04-21 00:00:00,3160.8,3198.56,3150.94,3160.6,104752651
2016-04-22 00:00:00,3142.56,3175.38,3137.99,3174.9,77078492
2016-04-25 00:00:00,3164.74,3172.27,3137.11,3162.03,67519351
2016-04-26 00:00:00,3159.77,3181.1,3150.4,3179.16,59020734
2016-04-27 00:00:00,3181.93,3188.83,3162.69,3165.92,60004147
2016-04-28 00:00:00,3169.33,3174.77,3135.64,3160.58,69870660
2016-04-29 00:00:00,3153.54,3171.29,3149.4,3156.75,58029776
2016-05-03 00:00:00,3159.82,3218.49,3151.4,3213.54,98164835
2016-05-04 00:00:00,3203.47,3222.88,3198.29,3209.46,90862408
2016-05-05 00:00:00,3204.17,3217.28,3196.57,3213.92,74733681
2016-05-06 00:00:00,3213.14,3216.89,3130.15,3130.35,108680240
2016-05-09 00:00:00,3115.43,3115.43,3055.01,3065.62,99230477
2016-05-10 00:00:00,3055.21,3084.72,3055.18,3069.11,68849935
2016-05-11 00:00:00,3080.64,3102.88,3063.09,3082.81,81794258
2016-05-12 00:00:00,3059.38,3095.35,3035.02,3090.14,78765726
2016-05-13 00:00:00,3081.68,3103.1,3064.69,3074.94,62629755
2016-05-16 00:00:00,3064.53,3095.56,3053.66,3095.31,59461856
2016-05-17 00:00:00,3095.52,3105.2,3073.46,3086.02,65278125
2016-05-18 00:00:00,3071.53,3072.61,3039.46,3068.04,82715369
2016-05-19 00:00:00,3060.34,3086.98,3058.15,3062.5,60444166
2016-05-20 00:00:00,3047.78,3078.53,3041.52,3078.22,56080842
2016-05-23 00:00:00,3078.51,3098.48,3076.5,3087.22,59697216
2016-05-24 00:00:00,3083.24,3083.26,3052.59,3063.56,58734385
2016-05-25 00:00:00,3079.75,3089.1,3054.87,3059.23,56652803
2016-05-26 00:00:00,3056.6,3072.52,3027.44,3064.21,60392981
2016-05-27 00:00:00,3059.73,3073.76,3052.18,3062.5,60468750
2016-05-30 00:00:00,3056.31,3075.26,3037.66,3066.71,63098579
2016-05-31 00:00:00,3068.6,3170.93,3068.6,3169.56,138863111
2016-06-01 00:00:00,3172.96,3181.79,3159.82,3160.55,113148482
2016-06-02 00:00:00,3158.03,3168.82,3151.07,3167.1,86003427
2016-06-03 00:00:00,3172.95,3201.75,3162.09,3189.33,101491783
2016-06-06 00:00:00,3192.78,3197.22,3168.55,3178.79,76693751
2016-06-07 00:00:00,3182.44,3186.62,3168.18,3177.05,68928314
2016-06-08 00:00:00,3171.81,3174.97,3148.35,3163.99,76291775
2016-06-13 00:00:00,3134.05,3145.61,3065.77,3066.34,92975947
2016-06-14 00:00:00,3058.44,3078.75,3055.66,3075.98,66279457
2016-06-15 00:00:00,3043.96,3128.67,3042.23,3116.37,87393257
2016-06-16 00:00:00,3104.36,3112.48,3089.48,3094.67,82974703
2016-06-17 00:00:00,3096.09,3131.05,3096.09,3110.36,85402985
2016-06-20 00:00:00,3114.91,3118.73,3089.71,3112.67,63587141
2016-06-21 00:00:00,3124.9,3155.49,3097.94,3106.32,87965345
2016-06-22 00:00:00,3100.45,3134.06,3096.99,3133.96,66487113
2016-06-23 00:00:00,3129.72,3129.72,3102.48,3117.32,67751738
2016-06-24 00:00:00,3110.65,3130.54,3033.97,3077.16,104792208
2016-06-27 00:00:00,3065.13,3120.64,3064.97,3120.54,83267259
2016-06-28 00:00:00,3107.4,3139.43,3099.7,3136.4,92024637
2016-06-29 00:00:00,3142.48,3158.08,3139.13,3151.39,103723668
2016-06-30 00:00:00,3152.83,3163.72,3148.2,3153.92,79692617
2016-07-01 00:00:00,3156.93,3170.26,3148.29,3154.2,71746283
2016-07-04 00:00:00,3136.39,3210.6,3134.02,3204.7,133310529
2016-07-05 00:00:00,3199.16,3216.7,3198,3207.38,130226895
2016-07-06 00:00:00,3197.62,3217.52,3183.45,3216.8,124897458
2016-07-07 00:00:00,3206.55,3220.54,3190.12,3209.95,118595202
2016-07-08 00:00:00,3199.75,3204.93,3183.96,3192.28,89734855
2016-07-11 00:00:00,3199.04,3235.96,3197.63,3203.33,138529511
2016-07-12 00:00:00,3201.91,3273.47,3200.3,3273.18,172534217
2016-07-13 00:00:00,3274.02,3300.99,3271.78,3282.87,175196090
2016-07-14 00:00:00,3277.48,3281.95,3259.07,3276.76,107525798
2016-07-15 00:00:00,3278.84,3285.03,3265.29,3276.28,102665026
2016-07-18 00:00:00,3269.71,3281.64,3251.77,3262.02,110312518
2016-07-19 00:00:00,3260.43,3264.73,3226.2,3248.23,88886861
2016-07-20 00:00:00,3246.86,3254.51,3232.26,3237.6,72701255
2016-07-21 00:00:00,3238.34,3271.37,3238.3,3252.52,86004825
2016-07-22 00:00:00,3251.24,3253.77,3220.89,3225.16,86029128
2016-07-25 00:00:00,3220.17,3243.79,3218.14,3230.89,70203185
2016-07-26 00:00:00,3228.23,3269.75,3228.01,3269.59,81051089
2016-07-27 00:00:00,3270.08,3276.51,3157.41,3218.24,160188665
2016-07-28 00:00:00,3204.46,3235.78,3195.27,3221.14,112779964
2016-07-29 00:00:00,3217.19,3225.42,3198.68,3203.93,88044837
2016-08-01 00:00:00,3196.43,3199.98,3156.75,3176.81,87003497
2016-08-02 00:00:00,3173.76,3189.05,3165.54,3189.05,62167639
2016-08-03 00:00:00,3179.68,3197.16,3173.54,3193.51,72864102
2016-08-04 00:00:00,3190.55,3201.55,3170.42,3201.29,73504373
2016-08-05 00:00:00,3201.35,3224.87,3192.86,3205.11,77196366
2016-08-08 00:00:00,3199.57,3234.48,3187.25,3234.18,86676051
2016-08-09 00:00:00,3232.6,3257.33,3229.17,3256.98,91065259
2016-08-10 00:00:00,3255.18,3261.86,3242.75,3243.34,90430372
2016-08-11 00:00:00,3239.56,3274.03,3232.61,3233.36,101041213
2016-08-12 00:00:00,3231.81,3294.23,3231.14,3294.23,116254044
2016-08-15 00:00:00,3303.47,3417.91,3302.38,3393.42,220543421
2016-08-16 00:00:00,3403.38,3418.69,3372.02,3378.25,196389740
2016-08-17 00:00:00,3377.77,3394.39,3356.92,3373.05,138847688
2016-08-18 00:00:00,3369.95,3394.79,3349.69,3364.49,142380169
2016-08-19 00:00:00,3358.55,3374.04,3341.19,3365.02,119961508
2016-08-22 00:00:00,3364.68,3372.83,3335.47,3336.79,107951008
2016-08-23 00:00:00,3332.62,3359.65,3324.96,3341.83,92924516
2016-08-24 00:00:00,3341.93,3348.13,3323.73,3329.86,81191429
2016-08-25 00:00:00,3314.08,3315.08,3279.81,3308.97,100589153
2016-08-26 00:00:00,3312.5,3328.95,3301.74,3307.09,81530691
2016-08-29 00:00:00,3306.57,3315.08,3297.07,3307.78,77036333
2016-08-30 00:00:00,3310.32,3325.12,3304.6,3311.99,75725987
2016-08-31 00:00:00,3310.57,3333.97,3304.66,3327.79,79570805
2016-09-01 00:00:00,3326.74,3329.35,3301.21,3301.58,84947219
2016-09-02 00:00:00,3298.72,3320.43,3295.76,3314.11,82791803
2016-09-05 00:00:00,3321.01,3338.42,3314.63,3319.68,78292477
2016-09-06 00:00:00,3322.02,3347.95,3300.13,3342.63,98283998
2016-09-07 00:00:00,3344.07,3357.36,3337.75,3340.82,102940106
2016-09-08 00:00:00,3338.01,3343.4,3328.23,3339.56,71916158
2016-09-09 00:00:00,3339.37,3344.95,3318.04,3318.04,82657036
2016-09-12 00:00:00,3271.87,3276.72,3234.57,3262.6,122917682
2016-09-13 00:00:00,3265.34,3269.22,3246.39,3260.33,67180288
2016-09-14 00:00:00,3245.74,3255,3231.34,3238.73,70432697
2016-09-19 00:00:00,3242.74,3264.9,3242.74,3263.12,58831082
2016-09-20 00:00:00,3264.66,3265.04,3252.39,3257.4,52784206
2016-09-21 00:00:00,3257.71,3270.9,3254.32,3266.64,59142979
2016-09-22 00:00:00,3281.47,3303.2,3277.98,3291.12,75753542
2016-09-23 00:00:00,3292.28,3293.92,3275.02,3275.67,57993986
2016-09-26 00:00:00,3267.69,3267.69,3220.28,3220.28,70452186
2016-09-27 00:00:00,3214.87,3240.78,3214.44,3240.75,58460550
2016-09-28 00:00:00,3243.65,3243.65,3228,3230.89,44727498
2016-09-29 00:00:00,3234.86,3257.77,3234.8,3244.39,55452556
2016-09-30 00:00:00,3240.18,3260.94,3239.04,3253.28,44978022
2016-10-10 00:00:00,3265.36,3294.64,3258.96,3293.87,80519260
2016-10-11 00:00:00,3296.87,3308,3292.88,3306.56,87713163
2016-10-12 00:00:00,3299.14,3302.56,3289.75,3300.01,68669781
2016-10-13 00:00:00,3299.16,3307.41,3292.4,3302.65,81224198
2016-10-14 00:00:00,3298.73,3306.69,3285.73,3305.85,82316271
2016-10-17 00:00:00,3305.96,3309.01,3271.54,3277.88,86113509
2016-10-18 00:00:00,3272.68,3321.33,3272.68,3321.33,102860714
2016-10-19 00:00:00,3323.3,3332.52,3309.83,3316.24,101167725
2016-10-20 00:00:00,3317.18,3324.9,3312.17,3318.6,79238871
2016-10-21 00:00:00,3315.72,3341.56,3309.18,3327.74,109785176
2016-10-24 00:00:00,3332.51,3382.83,3330.97,3367.58,153014345
2016-10-25 00:00:00,3367.48,3373.91,3356.59,3367.45,111191693
2016-10-26 00:00:00,3365.2,3367.83,3349.57,3354.8,98024786
2016-10-27 00:00:00,3351.46,3352.35,3335.13,3345.7,77629851
2016-10-28 00:00:00,3347.14,3370.75,3337.29,3340.13,93133309
2016-10-31 00:00:00,3332.41,3340.47,3317.33,3336.28,71352863
2016-11-01 00:00:00,3338.71,3359.39,3334.46,3359.05,74938199
2016-11-02 00:00:00,3350.71,3356.4,3331.38,3333.35,91197104
2016-11-03 00:00:00,3326.9,3379.99,3324.84,3365.08,126223504
2016-11-04 00:00:00,3362.21,3377.64,3348.43,3354.17,104069655
2016-11-07 00:00:00,3353.44,3362.74,3342.31,3356.59,99877988
2016-11-08 00:00:00,3367.7,3383.92,3361.13,3371.12,103148282
2016-11-09 00:00:00,3370.6,3373.1,3322.08,3353.05,139110059
2016-11-10 00:00:00,3374.91,3403.02,3374.91,3390.61,134705535
2016-11-11 00:00:00,3387.95,3422.67,3382.89,3417.22,198781496
2016-11-14 00:00:00,3409.22,3452.62,3408.14,3430.25,213247105
2016-11-15 00:00:00,3428.87,3434.92,3415.99,3429.87,134566320
2016-11-16 00:00:00,3432.43,3435.64,3419.24,3429.59,129808511
2016-11-17 00:00:00,3423.47,3437.67,3412.88,3436.53,121561731
2016-11-18 00:00:00,3437.49,3443.12,3413.27,3417.46,115951205
2016-11-21 00:00:00,3412.65,3463.14,3412.08,3441.11,146434529
2016-11-22 00:00:00,3443.22,3469.22,3443.22,3468.36,168523446
2016-11-23 00:00:00,3473.9,3492.96,3465.76,3474.73,162388504
2016-11-24 00:00:00,3468.81,3508.16,3467.01,3488.74,145746301
2016-11-25 00:00:00,3490.04,3521.3,3463.95,3521.3,153621506
2016-11-28 00:00:00,3538.68,3553.36,3528.32,3535.08,207375483
2016-11-29 00:00:00,3525.9,3583.72,3521.38,3564.04,236918356
2016-11-30 00:00:00,3557.64,3567.07,3527.02,3538,178560178
2016-12-01 00:00:00,3543.96,3575.97,3543.25,3565.04,180170761
2016-12-02 00:00:00,3559.77,3562.55,3516.79,3528.95,196355480
2016-12-05 00:00:00,3473.69,3496.88,3457.34,3469.41,180852355
2016-12-06 00:00:00,3466.24,3477.59,3456.81,3459.15,115529090
2016-12-07 00:00:00,3458.37,3475.75,3445.76,3475.75,114345103
2016-12-08 00:00:00,3481.81,3484.34,3466.51,3470.14,117383922
2016-12-09 00:00:00,3464.87,3507.93,3461.76,3493.7,150303308
2016-12-12 00:00:00,3489.27,3495.8,3400.79,3409.18,187467751
2016-12-13 00:00:00,3394.21,3416.21,3370.6,3405.04,121105097
2016-12-14 00:00:00,3399.41,3412.28,3378.27,3378.95,124007744
2016-12-15 00:00:00,3363.86,3378.04,3327.14,3340.43,114960660
2016-12-16 00:00:00,3335.36,3356.29,3330.49,3346.03,90775422
2016-12-19 00:00:00,3342.34,3344.86,3325,3328.98,81640678
2016-12-20 00:00:00,3328.3,3329.1,3289.27,3309.06,87569592
2016-12-21 00:00:00,3313.75,3342.48,3313.75,3338.54,108254995
2016-12-22 00:00:00,3335.12,3340.36,3322.72,3335.67,92277249
2016-12-23 00:00:00,3333.4,3334.89,3300.88,3307.6,97444713
2016-12-26 00:00:00,3293.22,3322.42,3267.05,3322.4,89793982
2016-12-27 00:00:00,3319.21,3330.23,3315.83,3316.39,75486359
2016-12-28 00:00:00,3315.75,3320.55,3293.17,3301.89,69000437
2016-12-29 00:00:00,3297.04,3312.11,3288.1,3297.76,70087923
2016-12-30 00:00:00,3302.6,3313.55,3295.75,3310.08,71744116
2017-01-03 00:00:00,3313.95,3345.26,3313.95,3342.23,86567896
2017-01-04 00:00:00,3340.56,3369.57,3338.15,3368.31,90050827
2017-01-05 00:00:00,3368.34,3373.41,3361.46,3367.79,88336357
2017-01-06 00:00:00,3366.85,3368.87,3346.89,3347.67,87459114
2017-01-09 00:00:00,3345.75,3366.22,3344.35,3363.9,83707942
2017-01-10 00:00:00,3361.64,3370.51,3354.09,3358.27,83819160
2017-01-11 00:00:00,3355.8,3366.63,3334.3,3334.5,91071438
2017-01-12 00:00:00,3332.69,3343.13,3315.96,3317.62,81239135
2017-01-13 00:00:00,3317.96,3338.17,3309.37,3319.91,84180589
2017-01-16 00:00:00,3314.15,3322.78,3264.21,3319.45,157779135
2017-01-17 00:00:00,3305.6,3327.38,3292.2,3326.36,69453328
2017-01-18 00:00:00,3323.34,3350.96,3320.41,3339.37,70623227
2017-01-19 00:00:00,3330.95,3346.5,3324.68,3329.29,66159808
2017-01-20 00:00:00,3326.98,3358.41,3326.37,3354.89,65300462
2017-01-23 00:00:00,3359.05,3378.74,3355.85,3364.08,75557498
2017-01-24 00:00:00,3363.14,3371.32,3355.9,3364.45,66194226
2017-01-25 00:00:00,3361.66,3376.44,3357.22,3375.9,58376931
2017-01-26 00:00:00,3378.26,3395.88,3378.26,3387.96,65316647
2017-02-03 00:00:00,3390.93,3392.48,3362.57,3364.49,55188861
2017-02-06 00:00:00,3368.11,3381.33,3358.75,3373.21,68521360
2017-02-07 00:00:00,3371.77,3376.71,3354.62,3365.68,63754462
2017-02-08 00:00:00,3361.78,3383.69,3347.43,3383.29,75402879
2017-02-09 00:00:00,3381.9,3406.59,3379.79,3396.29,97558515
2017-02-10 00:00:00,3398.32,3422.33,3398.03,3413.49,123768720
2017-02-13 00:00:00,3416.92,3439.54,3416.87,3436.27,120144538
2017-02-14 00:00:00,3438.51,3440.67,3424.4,3435.8,94809465
2017-02-15 00:00:00,3435.39,3448.03,3417.08,3421.71,127643338
2017-02-16 00:00:00,3421.83,3440.93,3418.35,3440.93,108276962
2017-02-17 00:00:00,3443.62,3457.56,3419.61,3421.44,114600036
2017-02-20 00:00:00,3421.64,3472.6,3421.64,3471.39,132628862
2017-02-21 00:00:00,3475.06,3490.09,3472.02,3482.82,114842009
2017-02-22 00:00:00,3483.2,3489.95,3473.52,3489.76,102815994
2017-02-23 00:00:00,3487.57,3492.96,3460.12,3473.32,99536330
2017-02-24 00:00:00,3468.96,3473.85,3455.25,3473.85,95535133
2017-02-27 00:00:00,3471.13,3472.84,3441.39,3446.22,98672160
2017-02-28 00:00:00,3445.03,3460.91,3441.36,3452.81,75215260
2017-03-01 00:00:00,3452.21,3472.7,3449.11,3458.44,103260354
2017-03-02 00:00:00,3463.48,3468.47,3434,3435.1,89898077
2017-03-03 00:00:00,3424.66,3428.88,3412.83,3427.86,80994652
2017-03-06 00:00:00,3427.25,3449.03,3425.9,3446.48,83070882
2017-03-07 00:00:00,3446.16,3454.04,3440.06,3453.96,80334720
2017-03-08 00:00:00,3452.2,3457.04,3441.26,3448.73,79587690
2017-03-09 00:00:00,3442.9,3443.05,3414.68,3426.94,84570381
2017-03-10 00:00:00,3423.98,3436.24,3423.94,3427.89,70016199
2017-03-13 00:00:00,3425.67,3458.1,3412.69,3458.1,91684124
2017-03-14 00:00:00,3456.66,3465.39,3448.9,3456.69,77077963
2017-03-15 00:00:00,3452.21,3463.92,3445.27,3463.64,79104954
2017-03-16 00:00:00,3472.27,3492.13,3472.27,3481.51,106333913
2017-03-17 00:00:00,3485.31,3488.5,3441.47,3445.81,103755560
2017-03-20 00:00:00,3449.05,3454.06,3429.83,3449.61,88734322
2017-03-21 00:00:00,3449.77,3466.7,3445.64,3466.35,87707855
2017-03-22 00:00:00,3450.75,3464.33,3433.5,3450.05,104935894
2017-03-23 00:00:00,3452.41,3470.82,3435.69,3461.98,94318062
2017-03-24 00:00:00,3464.2,3499.32,3461.11,3489.6,125645833
2017-03-27 00:00:00,3488.76,3505.98,3474.52,3478.04,107015377
2017-03-28 00:00:00,3480.25,3482.29,3461.47,3469.81,84194820
2017-03-29 00:00:00,3472.97,3483.06,3455.55,3465.19,104851706
2017-03-30 00:00:00,3461.62,3467.3,3422.37,3436.76,116376922
2017-03-31 00:00:00,3434.82,3456.31,3430.82,3456.05,91577491
2017-04-05 00:00:00,3476.42,3504.54,3475.15,3503.89,143399017
2017-04-06 00:00:00,3507.99,3517.78,3495.72,3514.05,136767004
2017-04-07 00:00:00,3514.45,3526.81,3506.39,3517.46,140293204
2017-04-10 00:00:00,3519.46,3522.8,3502.08,3505.14,141887380
2017-04-11 00:00:00,3503.83,3520.13,3466.14,3517.33,165945832
2017-04-12 00:00:00,3514.57,3523.1,3498,3509.44,181824537
2017-04-13 00:00:00,3500.28,3518.44,3496.57,3514.57,129981813
2017-04-14 00:00:00,3516.81,3517.47,3476.95,3486.5,135474078
2017-04-17 00:00:00,3475.74,3480.57,3453.68,3479.94,117164961
2017-04-18 00:00:00,3474.89,3489.08,3462.63,3462.74,110927823
2017-04-19 00:00:00,3452.99,3459.35,3418.51,3445.88,121349264
2017-04-20 00:00:00,3444.52,3465.61,3440.72,3461.55,114184208
2017-04-21 00:00:00,3461.39,3475.56,3449.54,3466.79,104419110
2017-04-24 00:00:00,3458.23,3458.23,3403.98,3431.26,114660791
2017-04-25 00:00:00,3427.73,3449.67,3422.65,3440.97,94072148
2017-04-26 00:00:00,3440.25,3466.57,3439.15,3445.18,111940029
2017-04-27 00:00:00,3435.1,3449.27,3399.54,3446.72,123298425
2017-04-28 00:00:00,3439.57,3439.9,3417.24,3439.75,101632351
2017-05-02 00:00:00,3427.92,3436.31,3418.67,3426.58,92797462
2017-05-03 00:00:00,3421.76,3432.22,3403.08,3413.13,91669624
2017-05-04 00:00:00,3404.94,3421.4,3391.28,3404.39,103482075
2017-05-05 00:00:00,3393.48,3395.45,3366.56,3382.55,109895333
2017-05-08 00:00:00,3369.11,3374.16,3339.57,3358.81,123749287
2017-05-09 00:00:00,3342.6,3358.05,3327.59,3352.53,76771668
2017-05-10 00:00:00,3350.65,3369.43,3336,3337.7,92082628
2017-05-11 00:00:00,3322.95,3359.6,3312.89,3356.65,109252890
2017-05-12 00:00:00,3350.94,3387.27,3349.17,3385.38,93386466
2017-05-15 00:00:00,3391.59,3406.58,3391.59,3399.19,82977611
2017-05-16 00:00:00,3390.93,3428.85,3373.55,3428.65,105242416
2017-05-17 00:00:00,3423.19,3433.97,3408.15,3409.97,99736837
2017-05-18 00:00:00,3387.67,3409.93,3383.94,3398.11,85759589
2017-05-19 00:00:00,3395.23,3405.94,3392.38,3403.85,71473525
2017-05-22 00:00:00,3400.59,3424.18,3391.17,3411.24,92539559
2017-05-23 00:00:00,3405.03,3434.77,3401.53,3424.19,116911033
2017-05-24 00:00:00,3409.72,3424.17,3383.89,3424.17,83553161
2017-05-25 00:00:00,3414.4,3490.42,3413.22,3485.66,130721631
2017-05-26 00:00:00,3479.62,3498.31,3473.04,3480.43,103241153
2017-05-31 00:00:00,3495.07,3515.08,3474.92,3492.88,104829745
2017-06-01 00:00:00,3485.22,3499.81,3476.43,3497.74,103127724
2017-06-02 00:00:00,3491.59,3498.12,3470.2,3486.51,82668009
2017-06-05 00:00:00,3480.17,3484.12,3462.31,3468.75,79738153
2017-06-06 00:00:00,3464.38,3492.88,3460.45,3492.88,64090000
2017-06-07 00:00:00,3493.88,3537.09,3491.13,3533.87,104419968
2017-06-08 00:00:00,3531.24,3562.27,3528.18,3560.98,90224906
2017-06-09 00:00:00,3561.24,3590.89,3560.63,3576.17,101188265
2017-06-12 00:00:00,3570.22,3603.69,3565.9,3574.39,90381166
2017-06-13 00:00:00,3569.16,3584.41,3559.21,3582.27,75177139
2017-06-14 00:00:00,3571.25,3571.25,3530.27,3535.3,83810783
2017-06-15 00:00:00,3530.75,3542.28,3508.95,3528.79,82632535
2017-06-16 00:00:00,3522.97,3536.14,3514.39,3518.76,76452708
2017-06-19 00:00:00,3520.06,3554.91,3520.06,3553.67,79797140
2017-06-20 00:00:00,3560.79,3563.7,3539.51,3546.49,80509560
2017-06-21 00:00:00,3567.12,3587.99,3545.57,3587.96,87859825
2017-06-22 00:00:00,3583.56,3635.53,3581.34,3590.34,135526986
2017-06-23 00:00:00,3583.44,3623.24,3569.32,3622.88,105129134
2017-06-26 00:00:00,3627.02,3671.94,3627.02,3668.09,134637996
2017-06-27 00:00:00,3665.58,3676.53,3648.76,3674.72,97558702
2017-06-28 00:00:00,3664.16,3672.19,3644.03,3646.17,97920858
2017-06-29 00:00:00,3649.25,3669.13,3644.73,3668.83,85589499
2017-06-30 00:00:00,3654.73,3669.76,3646.23,3666.8,81510029
2017-07-03 00:00:00,3667.23,3667.59,3633.78,3650.85,88820859
2017-07-04 00:00:00,3646.83,3646.84,3611.69,3619.98,95071414
2017-07-05 00:00:00,3611.9,3660.73,3610.46,3659.68,88232425
2017-07-06 00:00:00,3654.56,3666.77,3629.56,3660.1,102379246
2017-07-07 00:00:00,3647.64,3657.11,3631.87,3655.93,103735498
2017-07-10 00:00:00,3647.94,3667.84,3641.53,3653.69,120591910
2017-07-11 00:00:00,3646.88,3701.21,3645.99,3670.81,118760827
2017-07-12 00:00:00,3672.63,3691.58,3640.59,3658.82,122287793
2017-07-13 00:00:00,3656.35,3690.48,3652.56,3686.92,125669550
2017-07-14 00:00:00,3682.61,3703.09,3672.74,3703.09,105514004
2017-07-17 00:00:00,3700.62,3716.47,3621.36,3663.56,178821601
2017-07-18 00:00:00,3648.49,3667.54,3622.04,3667.18,124622057
2017-07-19 00:00:00,3660.87,3731.05,3658.2,3729.75,182477788
2017-07-20 00:00:00,3725.14,3750.19,3723.07,3747.88,142410040
2017-07-21 00:00:00,3738.18,3751.69,3722.06,3728.6,117941225
2017-07-24 00:00:00,3724.38,3755.19,3719.85,3743.47,134868723
2017-07-25 00:00:00,3742.64,3752.16,3713.28,3719.56,121672059
2017-07-26 00:00:00,3722.88,3738.53,3684.18,3705.39,136325210
2017-07-27 00:00:00,3700.85,3716.69,3672.5,3712.19,145002903
2017-07-28 00:00:00,3703.49,3725.54,3696.78,3721.89,111411392
2017-07-31 00:00:00,3722.43,3746.52,3713.66,3737.87,148429038
2017-08-01 00:00:00,3738.74,3770.4,3737.09,3770.38,152546540
2017-08-02 00:00:00,3768.19,3784.35,3759.28,3760.85,172293384
2017-08-03 00:00:00,3755.11,3766.34,3718.44,3727.83,146153943
2017-08-04 00:00:00,3724.72,3738.73,3707,3707.58,157470060
2017-08-07 00:00:00,3701.22,3730.78,3689.96,3726.79,124231529
2017-08-08 00:00:00,3724.33,3737.33,3718.81,3732.21,137241928
2017-08-09 00:00:00,3728.03,3739,3713.57,3731.04,124679990
2017-08-10 00:00:00,3724.96,3746.86,3688.18,3715.92,130085128
2017-08-11 00:00:00,3687.93,3700.49,3645.09,3647.35,150387420
2017-08-14 00:00:00,3651.38,3698.37,3651.38,3694.68,115308452
2017-08-15 00:00:00,3695.78,3719.29,3692.28,3706.06,106444856
2017-08-16 00:00:00,3701.13,3707.14,3679.73,3701.42,104134141
2017-08-17 00:00:00,3707.07,3722.62,3704.41,3721.28,108656251
2017-08-18 00:00:00,3707.19,3733.49,3700.41,3724.67,96561705
2017-08-21 00:00:00,3731.84,3744.26,3728.61,3740.99,100313073
2017-08-22 00:00:00,3745.75,3758.29,3734.55,3752.3,100292856
2017-08-23 00:00:00,3747.61,3772.46,3741.72,3756.09,104961572
2017-08-24 00:00:00,3755.89,3765.71,3729.09,3734.65,89947372
2017-08-25 00:00:00,3736.29,3795.97,3736.29,3795.75,129940900
2017-08-28 00:00:00,3805.66,3866.94,3805.66,3842.71,185576325
2017-08-29 00:00:00,3839.18,3847.93,3825.76,3834.54,128227069
2017-08-30 00:00:00,3834.27,3854.71,3827.86,3834.3,141352858
2017-08-31 00:00:00,3835.84,3840.2,3800.89,3822.09,132944934
2017-09-01 00:00:00,3825.34,3843.62,3818.16,3830.54,158645512
2017-09-04 00:00:00,3828.54,3847.09,3813.55,3845.62,149566321
2017-09-05 00:00:00,3845.54,3865.29,3841.95,3857.05,124964155
2017-09-06 00:00:00,3846.75,3858.25,3831.38,3849.45,131398723
2017-09-07 00:00:00,3851.69,3858.16,3828.83,3829.87,123884180
2017-09-08 00:00:00,3830.07,3843.02,3813.98,3825.99,106036503
2017-09-11 00:00:00,3828.34,3850.74,3817.51,3825.65,123883996
2017-09-12 00:00:00,3832.24,3849.39,3822,3837.93,144190241
2017-09-13 00:00:00,3835.55,3847.78,3822.94,3842.61,95410785
2017-09-14 00:00:00,3843.57,3854.49,3820.09,3829.96,115358584
2017-09-15 00:00:00,3826.14,3843.3,3818.52,3831.3,122427005
2017-09-18 00:00:00,3832.96,3862.36,3832.96,3843.14,117934405
2017-09-19 00:00:00,3849.88,3857.3,3820.29,3832.12,112432988
2017-09-20 00:00:00,3830.15,3850.94,3827.89,3842.44,101129541
2017-09-21 00:00:00,3843.26,3860.8,3837.38,3837.82,111098191
2017-09-22 00:00:00,3826.46,3842.25,3816.82,3837.73,100619802
2017-09-25 00:00:00,3829.22,3835.39,3811.12,3817.79,103948977
2017-09-26 00:00:00,3810.33,3821.69,3808.38,3820.78,81869407
2017-09-27 00:00:00,3818.96,3832.57,3818.81,3821.2,85655811
2017-09-28 00:00:00,3821.59,3827.33,3813.75,3822.54,93544069
2017-09-29 00:00:00,3825.2,3852.22,3825.2,3836.5,93306028
2017-10-09 00:00:00,3910.11,3918.84,3876.03,3882.21,135535852
2017-10-10 00:00:00,3883,3900.74,3855.47,3889.86,112532585
2017-10-11 00:00:00,3886.82,3913.07,3885.5,3902.69,104418150
2017-10-12 00:00:00,3902.02,3917.44,3897.55,3912.95,94340920
2017-10-13 00:00:00,3912.98,3927.17,3908.89,3921,90142067
2017-10-16 00:00:00,3926.28,3947.42,3913.32,3913.45,121355034
2017-10-17 00:00:00,3910.79,3924.61,3900.48,3913.07,82241226
2017-10-18 00:00:00,3914.82,3944.41,3914.82,3944.16,100969841
2017-10-19 00:00:00,3940.58,3944.03,3923.65,3931.25,106527252
2017-10-20 00:00:00,3918.53,3928.96,3910.2,3926.85,72980180
2017-10-23 00:00:00,3930.89,3936.27,3920.66,3930.8,81484979
2017-10-24 00:00:00,3926.23,3959.5,3922.03,3959.4,93058153
2017-10-25 00:00:00,3958.17,3978.09,3954,3976.95,88205458
2017-10-26 00:00:00,3980.05,4013.6,3973.55,3993.58,129895465
2017-10-27 00:00:00,3992.55,4024.46,3991.35,4021.97,126672847
2017-10-30 00:00:00,4022.16,4033.34,3960.27,4009.72,157387602
2017-10-31 00:00:00,3995.39,4009.28,3983.26,4006.72,109178780
2017-11-01 00:00:00,4007.91,4032.46,3991.32,3996.62,130417380
2017-11-02 00:00:00,3994.09,3999.23,3971.38,3997.13,126100580
2017-11-03 00:00:00,3992.35,3999.34,3963.03,3992.7,129404439
2017-11-06 00:00:00,3989.18,4021.64,3975.41,4020.89,122081160
2017-11-07 00:00:00,4022.4,4064.22,4021.36,4054.25,152116664
2017-11-08 00:00:00,4051.49,4089.15,4040.58,4048.01,150827720
2017-11-09 00:00:00,4043.07,4076.61,4038.4,4075.9,121056335
2017-11-10 00:00:00,4070.28,4116.71,4067.66,4111.91,141817165
2017-11-13 00:00:00,4115.55,4137.65,4115.55,4128.07,151446308
2017-11-14 00:00:00,4129.27,4133.55,4086.89,4099.35,143236936
2017-11-15 00:00:00,4084.21,4102.81,4055.72,4073.67,120635697
2017-11-16 00:00:00,4063.49,4107.62,4062.27,4105.01,121384415
2017-11-17 00:00:00,4094.08,4122.38,4081.37,4120.85,191784120
2017-11-20 00:00:00,4093.73,4144.51,4060.96,4143.83,137447258
2017-11-21 00:00:00,4131.85,4220.26,4129.98,4217.7,180350820
2017-11-22 00:00:00,4228.37,4260.64,4191.15,4227.57,186477002
2017-11-23 00:00:00,4213.38,4214.19,4086.9,4102.4,178147228
2017-11-24 00:00:00,4089.47,4116.59,4057.49,4104.2,130858040
2017-11-27 00:00:00,4088.93,4088.93,4037.15,4049.95,143455268
2017-11-28 00:00:00,4034.21,4056.48,4010.3,4055.82,102058094
2017-11-29 00:00:00,4061.35,4069.24,4004.69,4053.75,124553641
2017-11-30 00:00:00,4034.01,4052.8,3988,4006.1,107983345
2017-12-01 00:00:00,4003.56,4027.11,3984.38,3998.14,97386913
2017-12-04 00:00:00,3989.05,4032.99,3982.32,4018.86,102647219
2017-12-05 00:00:00,4007.94,4045.93,4006.54,4040.17,154087076
2017-12-06 00:00:00,4027.12,4031.75,3964.81,4015.82,109286205
2017-12-07 00:00:00,4003.58,4017.95,3955.99,3971.06,90254044
2017-12-08 00:00:00,3962.83,4014.14,3955.44,4003.38,89282862
2017-12-11 00:00:00,4006.88,4069.5,4005.27,4069.5,97148946
2017-12-12 00:00:00,4068.51,4070.15,4015.45,4016.02,84338719
2017-12-13 00:00:00,4013.83,4052.69,4004.74,4050.09,77546130
2017-12-14 00:00:00,4050.9,4057.62,4013.85,4026.15,80768863
2017-12-15 00:00:00,4018.73,4020.27,3974.93,3980.86,89044388
2017-12-18 00:00:00,3983.3,4008.07,3967.93,3985.29,77853376
2017-12-19 00:00:00,3985.82,4035.63,3985.82,4035.33,77528986
2017-12-20 00:00:00,4036.02,4044.85,4015.63,4030.49,90604503
2017-12-21 00:00:00,4023.08,4080.78,4014.65,4067.85,96836088
2017-12-22 00:00:00,4064.91,4076.8,4048.49,4054.6,73473684
2017-12-25 00:00:00,4057.42,4086.93,4026.45,4041.54,91926963
2017-12-26 00:00:00,4040.62,4056.86,4015.3,4053.62,91118789
2017-12-27 00:00:00,4045.28,4047.74,3986.74,3991.21,105153577
2017-12-28 00:00:00,3993,4036.7,3980.24,4018.9,118542886
2017-12-29 00:00:00,4022.88,4043.14,4012.87,4030.85,90486684
2018-01-02 00:00:00,4045.21,4087.78,4045.21,4087.4,146935434
2018-01-03 00:00:00,4091.46,4140.05,4088.73,4111.39,151852219
2018-01-04 00:00:00,4114.12,4137.64,4105.89,4128.81,134543795
2018-01-05 00:00:00,4133.34,4151.28,4123.28,4138.75,149009871
2018-01-08 00:00:00,4140.85,4166.32,4127.31,4160.16,173877665
2018-01-09 00:00:00,4157.54,4191.28,4153.5,4189.3,139034294
2018-01-10 00:00:00,4187.2,4211.05,4175.14,4207.81,151121667
2018-01-11 00:00:00,4197.11,4211.8,4181.96,4205.59,121578540
2018-01-12 00:00:00,4205.14,4227.39,4199.03,4225,111354793
2018-01-15 00:00:00,4229.84,4262.93,4216.36,4225.24,170907896
2018-01-16 00:00:00,4215.62,4260.21,4213.13,4258.47,161494963
2018-01-17 00:00:00,4261.78,4283.34,4230.54,4248.12,214311032
2018-01-18 00:00:00,4259.38,4292.64,4246.68,4271.42,172032847
2018-01-19 00:00:00,4281.94,4316.57,4269.62,4285.4,209490570
2018-01-22 00:00:00,4276.48,4338.48,4275.9,4336.6,174643195
2018-01-23 00:00:00,4346.89,4383.57,4346.79,4382.61,201867584
2018-01-24 00:00:00,4389.45,4397.82,4349.09,4389.89,219818890
2018-01-25 00:00:00,4381.98,4392.2,4336.24,4365.08,195374950
2018-01-26 00:00:00,4352.22,4403.34,4351.49,4381.3,177227236
2018-01-29 00:00:00,4387.06,4395.91,4287.11,4302.02,191100355
2018-01-30 00:00:00,4286.68,4308.51,4251.57,4256.1,139034729
2018-01-31 00:00:00,4234.11,4287.86,4232.77,4275.9,145210163
2018-02-01 00:00:00,4276.34,4287.39,4214.29,4245.9,190002934
2018-02-02 00:00:00,4213.94,4271.76,4181.78,4271.23,146066826
2018-02-05 00:00:00,4204.46,4274.15,4200.14,4274.15,161347799
2018-02-06 00:00:00,4182.33,4211.52,4131.56,4148.89,214910451
2018-02-07 00:00:00,4205.74,4212.57,4048.42,4050.5,203127493
2018-02-08 00:00:00,4022.88,4071.67,3974.68,4012.05,159269985
2018-02-09 00:00:00,3896.17,3911.29,3759.15,3840.65,206349829
2018-02-12 00:00:00,3846.27,3907.84,3828.07,3890.1,116182638
2018-02-13 00:00:00,3925.6,3986.98,3925.6,3935.63,112565885
2018-02-14 00:00:00,3945.09,3971.4,3923.13,3966.96,71081339
2018-02-22 00:00:00,4020.97,4058.79,4009.92,4052.73,105811571
2018-02-23 00:00:00,4061.75,4085.2,4035.23,4071.09,99458747
2018-02-26 00:00:00,4093.4,4128.74,4048.98,4118.42,137881001
2018-02-27 00:00:00,4120.87,4120.87,4051.81,4058.98,125934469
2018-02-28 00:00:00,4016.79,4051.71,3991.71,4023.64,109343593
2018-03-01 00:00:00,3994.87,4061.03,3986.89,4049.09,110199852
2018-03-02 00:00:00,4014.95,4044.42,4006.94,4016.46,96165000
2018-03-05 00:00:00,4021.66,4042.83,3995.87,4018.1,87952548
2018-03-06 00:00:00,4034.99,4067.55,3998.93,4066.56,138762445
2018-03-07 00:00:00,4063.5,4089.7,4027.94,4036.65,106952425
2018-03-08 00:00:00,4038.95,4078.23,4029.71,4077.6,91155809
2018-03-09 00:00:00,4088.07,4110.67,4076.45,4108.87,113701809
2018-03-12 00:00:00,4130.71,4139.53,4112.77,4127.67,140906739
2018-03-13 00:00:00,4124.33,4130.28,4087.56,4091.25,111766431
2018-03-14 00:00:00,4076.06,4089.09,4066.49,4073.34,99013409
2018-03-15 00:00:00,4058.71,4098.99,4058.71,4096.16,88161157
2018-03-16 00:00:00,4096.89,4110.05,4055.82,4056.42,84896187
2018-03-19 00:00:00,4054.62,4074.52,4033.52,4074.25,81502881
2018-03-20 00:00:00,4045.74,4080.19,4040.31,4077.7,80605281
2018-03-21 00:00:00,4097.02,4110.12,4046.24,4061.05,97609487
2018-03-22 00:00:00,4062.07,4072.38,4003.72,4020.35,89095260
2018-03-23 00:00:00,3896.74,3928.51,3834.94,3904.94,180080448
2018-03-26 00:00:00,3862.69,3883.9,3829.92,3879.89,115139128
2018-03-27 00:00:00,3927.49,3936.78,3881.87,3913.27,113700710
2018-03-28 00:00:00,3865.05,3907.28,3835.88,3842.72,101494907
2018-03-29 00:00:00,3854.59,3913.96,3794.26,3894.05,116629066
2018-03-30 00:00:00,3893.75,3915.35,3879.21,3898.5,97512271
2018-04-02 00:00:00,3897.01,3937.02,3882.89,3886.92,111242665
2018-04-03 00:00:00,3850.15,3878.15,3839.93,3862.48,95137370
2018-04-04 00:00:00,3873.63,3898.61,3852.5,3854.86,88730609
2018-04-09 00:00:00,3851.95,3870.67,3827.41,3852.93,84105462
2018-04-10 00:00:00,3860.72,3927.42,3851.8,3927.17,106173722
2018-04-11 00:00:00,3934.17,3958.71,3924.96,3938.34,111933020
2018-04-12 00:00:00,3935.67,3937.78,3896.18,3898.64,82699489
2018-04-13 00:00:00,3920.74,3929.95,3866.19,3871.14,71544202
2018-04-16 00:00:00,3862.47,3869.16,3789.61,3808.86,99217769
2018-04-17 00:00:00,3812.87,3822.63,3745.44,3748.64,90610790
2018-04-18 00:00:00,3785.31,3789.66,3708.11,3766.28,106676705
2018-04-19 00:00:00,3774.78,3824.03,3767.8,3811.84,99054060
2018-04-20 00:00:00,3801.21,3815.44,3750.1,3760.85,99282926
2018-04-23 00:00:00,3754.69,3787.4,3735.18,3766.33,90356291
2018-04-24 00:00:00,3769.88,3854.43,3769.88,3843.49,114219525
2018-04-25 00:00:00,3824.59,3838.69,3817.03,3828.7,78172613
2018-04-26 00:00:00,3823.39,3828.71,3744.89,3755.49,87150641
2018-04-27 00:00:00,3771.04,3776.98,3714.64,3756.88,89531727
2018-05-02 00:00:00,3769.93,3787.3,3744.55,3763.65,83301036
2018-05-03 00:00:00,3756.17,3797.53,3732.37,3793,93961119
2018-05-04 00:00:00,3784.32,3801.52,3770.94,3774.6,71554289
2018-05-07 00:00:00,3782.54,3834.59,3776.03,3834.19,87286195
2018-05-08 00:00:00,3834.61,3892.07,3833.73,3878.68,94215158
2018-05-09 00:00:00,3876.13,3878.94,3855.74,3871.62,66712965
2018-05-10 00:00:00,3882.84,3894.49,3867.31,3893.06,70667809
2018-05-11 00:00:00,3902.15,3903.34,3871.95,3872.84,73356603
2018-05-14 00:00:00,3886.87,3919.3,3886.87,3909.29,81976000
2018-05-15 00:00:00,3920.14,3924.34,3892.92,3924.1,76049554
2018-05-16 00:00:00,3909.82,3923.34,3889.19,3892.84,71913646
2018-05-17 00:00:00,3895.49,3899.51,3858.85,3864.05,59030124
2018-05-18 00:00:00,3860.16,3903.06,3841.9,3903.06,72613957
2018-05-21 00:00:00,3925.54,3937.46,3913.6,3921.24,92641738
2018-05-22 00:00:00,3918.82,3918.82,3881.17,3906.21,75368778
2018-05-23 00:00:00,3898.27,3898.27,3854.58,3854.58,83722319
2018-05-24 00:00:00,3853.29,3859.1,3823.92,3827.22,68345021
2018-05-25 00:00:00,3823.74,3841.12,3804.13,3816.5,70836385
2018-05-28 00:00:00,3816.26,3846.55,3799.32,3833.26,71521132
2018-05-29 00:00:00,3824.19,3841.78,3800.67,3804.01,81552663
2018-05-30 00:00:00,3755.18,3767.89,3722.07,3723.37,87913285
2018-05-31 00:00:00,3749.3,3804.79,3742.53,3802.38,92666895
2018-06-01 00:00:00,3789.67,3802.54,3753.84,3770.59,77821814
2018-06-04 00:00:00,3785.19,3813.41,3776.62,3807.58,76624340
2018-06-05 00:00:00,3811.29,3845.56,3800.93,3845.32,78687360
2018-06-06 00:00:00,3839.68,3848.33,3830.9,3837.35,73117238
2018-06-07 00:00:00,3846.94,3859.85,3827.69,3831.01,80256146
2018-06-08 00:00:00,3819.45,3819.46,3759.27,3779.62,83337336
2018-06-11 00:00:00,3770.21,3792.55,3756.51,3779.98,68709834
2018-06-12 00:00:00,3783.19,3830.47,3765.26,3825.95,73206244
2018-06-13 00:00:00,3814.62,3817.45,3782.07,3788.34,66377971
2018-06-14 00:00:00,3774.64,3808.16,3759.25,3773.37,68471322
2018-06-15 00:00:00,3763.04,3780.34,3737.43,3753.43,85488893
2018-06-19 00:00:00,3702.67,3712.82,3583.02,3621.12,160706542
2018-06-20 00:00:00,3602.55,3649.34,3578.17,3635.44,86718098
2018-06-21 00:00:00,3633.56,3673.56,3589.49,3592.97,93908552
2018-06-22 00:00:00,3567.89,3609.08,3542.46,3608.9,75117865
2018-06-25 00:00:00,3625.8,3631.03,3559.03,3560.48,79877079
2018-06-26 00:00:00,3521.59,3541.78,3478.21,3531.11,84985270
2018-06-27 00:00:00,3525.13,3537.66,3441.79,3459.26,81491817
2018-06-28 00:00:00,3434.94,3477.06,3416.95,3423.53,75918052
2018-06-29 00:00:00,3431.96,3512.38,3425.22,3510.98,77257032
2018-07-02 00:00:00,3504.46,3506.9,3383.5,3407.96,84351450
2018-07-03 00:00:00,3410.48,3422.04,3319.29,3409.28,95278692
2018-07-04 00:00:00,3398.78,3418.33,3359.09,3363.75,75157998
2018-07-05 00:00:00,3365.55,3398.49,3330.71,3342.44,81587981
2018-07-06 00:00:00,3347.06,3396.25,3295.73,3365.12,86097580
2018-07-09 00:00:00,3378.91,3459.32,3378.91,3459.18,76601546
2018-07-10 00:00:00,3464.91,3474.14,3437.27,3467.52,69548823
2018-07-11 00:00:00,3398.93,3427.57,3375.14,3407.53,72040950
2018-07-12 00:00:00,3403.33,3499.1,3403.33,3481.06,96353564
2018-07-13 00:00:00,3488.5,3499.76,3474.91,3492.69,72955896
2018-07-16 00:00:00,3488.97,3506.24,3459.73,3472.09,68281999
2018-07-17 00:00:00,3466.42,3467.19,3420.97,3449.38,61983076
2018-07-18 00:00:00,3456.61,3479.26,3430.16,3431.32,66530330
2018-07-19 00:00:00,3444.8,3466.51,3417.96,3428.34,68477716
2018-07-20 00:00:00,3426.46,3505.93,3398.95,3492.89,101984727
2018-07-23 00:00:00,3471.86,3527.53,3464.65,3525.75,119036626
2018-07-24 00:00:00,3530.66,3596.51,3530.66,3581.71,156912435
2018-07-25 00:00:00,3589.51,3589.98,3566.31,3577.75,96758500
2018-07-26 00:00:00,3583.32,3593.92,3528.64,3536.25,90349642
2018-07-27 00:00:00,3533.77,3545.41,3512.7,3521.23,70178104
2018-07-30 00:00:00,3520.85,3550.9,3489.55,3515.08,82116995
2018-07-31 00:00:00,3510.47,3528.15,3493.15,3517.66,67980818
2018-08-01 00:00:00,3530.03,3543.61,3446.78,3447.39,90348618
2018-08-02 00:00:00,3434.35,3434.35,3322.1,3370.96,101308728
2018-08-03 00:00:00,3366.66,3381.34,3315.2,3315.28,70796910
2018-08-06 00:00:00,3312.82,3344.25,3257.69,3273.27,77975084
2018-08-07 00:00:00,3284.98,3368.96,3263.5,3368.87,91783916
2018-08-08 00:00:00,3362.15,3368.16,3311.77,3314.51,79284864
2018-08-09 00:00:00,3303.48,3408.39,3299.62,3397.53,91957573
2018-08-10 00:00:00,3398.41,3424.04,3380.57,3405.02,68967299
2018-08-13 00:00:00,3369.98,3396.19,3336.7,3390.34,76191532
2018-08-14 00:00:00,3386.48,3391.73,3356.61,3372.91,60651446
2018-08-15 00:00:00,3371.96,3372.14,3288.71,3291.98,68174054
2018-08-16 00:00:00,3251.86,3315.2,3231.56,3276.73,76547366
2018-08-17 00:00:00,3305.9,3311.57,3224.1,3229.62,67395412
2018-08-20 00:00:00,3238.22,3267.25,3209.01,3267.25,70904228
2018-08-21 00:00:00,3271.84,3331.71,3270.03,3326.65,75205583
2018-08-22 00:00:00,3328.97,3328.97,3299.39,3307.95,50787057
2018-08-23 00:00:00,3308.46,3336.11,3285.81,3320.03,61112335
2018-08-24 00:00:00,3308.48,3353.04,3291.87,3325.33,63765898
2018-08-27 00:00:00,3339.39,3406.57,3339.26,3406.57,94270083
2018-08-28 00:00:00,3408.15,3416.59,3388.81,3400.17,75445363
2018-08-29 00:00:00,3393.05,3398.71,3377.12,3386.57,67020403
2018-08-30 00:00:00,3385.81,3402.56,3349.47,3351.09,68385290
2018-08-31 00:00:00,3333.38,3356.58,3310.87,3334.5,76205629
2018-09-03 00:00:00,3320.69,3325.61,3291.78,3321.82,66429855
2018-09-04 00:00:00,3324.19,3370.96,3307.96,3363.9,67088806
2018-09-05 00:00:00,3349.7,3354.2,3298.14,3298.14,64301888
2018-09-06 00:00:00,3286.66,3311.5,3253.76,3262.88,62300288
2018-09-07 00:00:00,3273.89,3316.61,3253.73,3277.64,63947407
2018-09-10 00:00:00,3271.38,3277.88,3227.85,3230.07,63817052
2018-09-11 00:00:00,3229.71,3245.62,3209.11,3224.21,58491305
2018-09-12 00:00:00,3216.99,3225.6,3194.98,3202.02,54627899
2018-09-13 00:00:00,3239.69,3249.59,3191.4,3236.57,67290327
2018-09-14 00:00:00,3242.83,3254.1,3227.94,3242.09,60130639
2018-09-17 00:00:00,3224.93,3230.79,3200.51,3204.92,52259548
2018-09-18 00:00:00,3193.64,3270.11,3193.64,3269.43,70425034
2018-09-19 00:00:00,3262,3335.99,3258.31,3312.48,89170665
2018-09-20 00:00:00,3314.88,3332.31,3303.07,3310.13,64561057
2018-09-21 00:00:00,3320.7,3410.49,3307.77,3410.49,108416005
2018-09-25 00:00:00,3375.97,3394.38,3367.03,3379.8,69054692
2018-09-26 00:00:00,3388.56,3448.26,3383.24,3417.24,93173343
2018-09-27 00:00:00,3415.95,3423.71,3394.73,3403.59,69765240
2018-09-28 00:00:00,3409.96,3444.99,3404.7,3438.86,84377756
2018-10-08 00:00:00,3361.56,3364.46,3285.25,3290.9,97888988
2018-10-09 00:00:00,3290.17,3309.8,3276.13,3288.69,66723274
2018-10-10 00:00:00,3295.43,3315.73,3256.58,3281.6,64492828
2018-10-11 00:00:00,3179.54,3209.52,3099.04,3124.11,120941343
2018-10-12 00:00:00,3123.37,3184.12,3094.97,3170.73,98611151
2018-10-15 00:00:00,3173.85,3183.13,3120.23,3126.45,69605023
2018-10-16 00:00:00,3128.58,3166.09,3089.37,3100.97,68887721
2018-10-17 00:00:00,3140.68,3149.13,3062.55,3118.25,76837138
2018-10-18 00:00:00,3097.79,3097.79,3043.38,3044.39,73771968
2018-10-19 00:00:00,3017.75,3137.75,3009.5,3134.95,98839688
2018-10-22 00:00:00,3159.56,3297.38,3159.56,3270.27,145862044
2018-10-23 00:00:00,3273.13,3276.02,3163.57,3183.43,121013240
2018-10-24 00:00:00,3169.46,3245.4,3164.29,3188.2,110909745
2018-10-25 00:00:00,3107.84,3197.32,3099.89,3194.31,106951818
2018-10-26 00:00:00,3204.28,3218.1,3151.92,3173.64,101299354
2018-10-29 00:00:00,3157.49,3158.81,3062.58,3076.89,91839790
2018-10-30 00:00:00,3061.93,3146.63,3050.77,3110.26,116070100
2018-10-31 00:00:00,3116.66,3168.92,3106.03,3153.82,111207455
2018-11-01 00:00:00,3185.2,3217.8,3173.1,3177.03,132653379
2018-11-02 00:00:00,3258.61,3290.25,3222.44,3290.25,153466104
2018-11-05 00:00:00,3269.47,3279.88,3230.36,3262.84,109706683
2018-11-06 00:00:00,3254.98,3254.98,3213.9,3243.15,83869138
2018-11-07 00:00:00,3243.88,3270.5,3218.42,3221.91,91615529
2018-11-08 00:00:00,3251.73,3253.57,3207.71,3212.77,76414541
2018-11-09 00:00:00,3193.3,3193.3,3166.31,3167.44,84282762
2018-11-12 00:00:00,3160.25,3206.51,3152.44,3205.14,88062392
2018-11-13 00:00:00,3164.92,3254.77,3161.1,3237.38,126493463
2018-11-14 00:00:00,3233.64,3239.24,3200.23,3204.94,113808658
2018-11-15 00:00:00,3201.28,3242.38,3198.78,3242.37,98558810
2018-11-16 00:00:00,3242.88,3282.39,3223.72,3257.67,126876836
2018-11-19 00:00:00,3258.79,3294.6,3251.07,3294.6,115956595
2018-11-20 00:00:00,3268.08,3278.78,3213.68,3218.41,109361155
2018-11-21 00:00:00,3187.1,3230.26,3185.24,3226.49,84119726
2018-11-22 00:00:00,3232.97,3235.45,3199.7,3214.43,65098291
2018-11-23 00:00:00,3208.59,3212.2,3139.39,3143.48,84638254
2018-11-26 00:00:00,3148.67,3169.44,3131.64,3141.24,59379141
2018-11-27 00:00:00,3152.77,3162.01,3126.29,3137.24,55407831
2018-11-28 00:00:00,3137.75,3179.41,3126.62,3178.93,74881956
2018-11-29 00:00:00,3198.83,3204.86,3137.65,3137.65,80498465
2018-11-30 00:00:00,3136.2,3175.15,3132.42,3172.69,70921044
2018-12-03 00:00:00,3260.69,3273.64,3228.36,3260.95,121487158
2018-12-04 00:00:00,3256.23,3267.94,3243.7,3267.71,79415040
2018-12-05 00:00:00,3224.26,3266.9,3219.98,3252,76153052
2018-12-06 00:00:00,3218.11,3223.52,3179.89,3181.67,76328771
2018-12-07 00:00:00,3187.49,3193.82,3176.71,3181.56,53361925
2018-12-10 00:00:00,3153.52,3170.15,3134.38,3144.76,63437274
2018-12-11 00:00:00,3148.23,3161.96,3143.61,3159.82,53223877
2018-12-12 00:00:00,3181.57,3182.21,3160.28,3170.61,53309914
2018-12-13 00:00:00,3178.89,3234.08,3169.42,3219.69,90442755
2018-12-14 00:00:00,3207.35,3210.72,3165.91,3165.91,84301251
2018-12-17 00:00:00,3158.28,3167.51,3134.37,3161.2,66497006
2018-12-18 00:00:00,3139.95,3165,3114.47,3128.43,63820319
2018-12-19 00:00:00,3133.74,3137.01,3086.76,3091.13,55522299
2018-12-20 00:00:00,3083.54,3097.72,3044.29,3067.42,69749463
2018-12-21 00:00:00,3055.33,3057.4,3007.61,3029.4,76758100
2018-12-24 00:00:00,3015.5,3040.35,3007.33,3038.2,57299615
2018-12-25 00:00:00,3006.88,3030.14,2964.88,3017.28,78689426
2018-12-26 00:00:00,3012.87,3029.06,2996.48,3002.03,55647032
2018-12-27 00:00:00,3042.95,3047.23,2990.51,2990.51,80541786
2018-12-28 00:00:00,2994.8,3024.35,2984.82,3010.65,71053778
2019-01-02 00:00:00,3017.07,3018.78,2958.49,2969.54,68663022
2019-01-03 00:00:00,2963.02,3000.44,2953.25,2964.84,70867103
2019-01-04 00:00:00,2940.19,3036.81,2935.83,3035.87,103318971
2019-01-07 00:00:00,3055.15,3061.75,3035.91,3054.3,101164360
2019-01-08 00:00:00,3049.87,3055.51,3038.53,3047.7,86170586
2019-01-09 00:00:00,3065.23,3117.96,3062.85,3078.48,107364349
2019-01-10 00:00:00,3077.48,3092.54,3062.57,3072.69,85271757
2019-01-11 00:00:00,3082.26,3102.83,3071.03,3094.78,71786424
2019-01-14 00:00:00,3092.5,3097.41,3064.38,3067.78,66121702
2019-01-15 00:00:00,3071.52,3129.37,3064.67,3127.99,88772961
2019-01-16 00:00:00,3126.13,3135.01,3117.29,3128.65,80214341
2019-01-17 00:00:00,3132.63,3141.71,3110.06,3111.42,80174871
2019-01-18 00:00:00,3124.5,3171.69,3120.35,3168.17,103963835
2019-01-21 00:00:00,3170.88,3199.21,3170.88,3185.64,93915023
2019-01-22 00:00:00,3181.95,3181.95,3135.34,3143.32,72990528
2019-01-23 00:00:00,3136.1,3157.63,3131.87,3141.05,59870479
2019-01-24 00:00:00,3146.6,3165.63,3125.3,3158.78,72934636
2019-01-25 00:00:00,3165.18,3203.17,3164.41,3184.47,83967729
2019-01-28 00:00:00,3203.12,3228.87,3174.72,3183.78,82622431
2019-01-29 00:00:00,3177.26,3200.99,3148.23,3193.97,77658335
2019-01-30 00:00:00,3181.66,3202.9,3167.89,3168.48,63746516
2019-01-31 00:00:00,3182.7,3216.07,3178.01,3201.63,86247839
2019-02-01 00:00:00,3225.73,3247.5,3207.72,3247.4,82019640
2019-02-11 00:00:00,3239.81,3307.06,3239.81,3306.47,98818435
2019-02-12 00:00:00,3306.35,3335.36,3298.63,3330.34,122232463
2019-02-13 00:00:00,3337.78,3405.58,3329.14,3397.03,163828332
2019-02-14 00:00:00,3392.85,3415.4,3381.98,3402.14,151127291
2019-02-15 00:00:00,3391.24,3395.03,3335.87,3338.7,143668603
2019-02-18 00:00:00,3366.42,3445.74,3366.42,3445.74,182886090
2019-02-19 00:00:00,3454.72,3480.79,3419.07,3439.61,179083786
2019-02-20 00:00:00,3449.93,3463.77,3421.51,3451.93,147390310
2019-02-21 00:00:00,3450.14,3500.25,3431.63,3442.71,180143288
2019-02-22 00:00:00,3439.38,3520.12,3417.98,3520.12,187237975
2019-02-25 00:00:00,3575.85,3729.48,3574.69,3729.48,342557123
2019-02-26 00:00:00,3734.71,3762.11,3679.27,3684.69,358038697
2019-02-27 00:00:00,3682.81,3737.63,3638.33,3678.39,286236006
2019-02-28 00:00:00,3675.26,3695.46,3650.05,3669.37,184810220
2019-03-01 00:00:00,3699.22,3749.71,3668.77,3749.71,204711004
2019-03-04 00:00:00,3783.04,3886.58,3764.78,3794.1,323490127
2019-03-05 00:00:00,3785.38,3816.16,3770.79,3816.01,230853166
2019-03-06 00:00:00,3822.86,3855.16,3787.52,3848.09,318077371
2019-03-07 00:00:00,3841.15,3845.18,3778.8,3808.85,329846548
2019-03-08 00:00:00,3721.4,3774.54,3656.19,3657.58,317990077
2019-03-11 00:00:00,3663.98,3731.91,3650.81,3729.95,230912865
2019-03-12 00:00:00,3758.32,3804.72,3723.68,3755.35,274926382
2019-03-13 00:00:00,3758.71,3763.09,3708.81,3724.19,233682248
2019-03-14 00:00:00,3710.29,3747.82,3673.85,3698.49,190817236
2019-03-15 00:00:00,3713.94,3782.24,3713.94,3745.01,175174543
2019-03-18 00:00:00,3753.64,3851.75,3733.68,3851.75,216928059
2019-03-19 00:00:00,3856.59,3868.34,3815.22,3833.96,181727109
2019-03-20 00:00:00,3825.34,3855.15,3790.51,3835.44,175632090
2019-03-21 00:00:00,3840.28,3864.07,3823.47,3836.89,196310310
2019-03-22 00:00:00,3838.13,3845.58,3786.59,3833.8,171356992
2019-03-25 00:00:00,3776.44,3807.18,3741.61,3742.83,198586330
2019-03-26 00:00:00,3766.53,3770.84,3687.55,3700.44,173046579
2019-03-27 00:00:00,3724.41,3750.26,3703.45,3743.39,138758454
2019-03-28 00:00:00,3731.06,3755.72,3710.08,3728.4,133272128
2019-03-29 00:00:00,3739.77,3876.38,3739.77,3872.34,215639104
2019-04-01 00:00:00,3901.17,3982.91,3901.17,3973.93,271382705
2019-04-02 00:00:00,3986.34,3988.1,3956.51,3971.29,226000340
2019-04-03 00:00:00,3947.87,4026.5,3939.78,4022.16,231917368
2019-04-04 00:00:00,4039.74,4072.11,4021.71,4062.23,260410939
2019-04-08 00:00:00,4097.1,4122.6,4017.49,4057.23,267505577
2019-04-09 00:00:00,4063.81,4084.24,4038.28,4075.43,182956808
2019-04-10 00:00:00,4062.44,4115.38,4035.47,4085.85,194687613
2019-04-11 00:00:00,4083.46,4097.12,3990.24,3997.58,169049641
2019-04-12 00:00:00,3986.78,4006.93,3961.46,3988.62,135862118
2019-04-15 00:00:00,4056.49,4085.39,3974.23,3975.52,182645571
2019-04-16 00:00:00,3958.1,4085.79,3943.49,4085.79,202041966
2019-04-17 00:00:00,4080.72,4106.62,4057.5,4087.24,180367117
2019-04-18 00:00:00,4085.11,4094.05,4056.24,4072.08,146562122
2019-04-19 00:00:00,4076.3,4120.64,4046.2,4120.61,150794911
2019-04-22 00:00:00,4125.97,4126.09,4015.47,4025.61,189353746
2019-04-23 00:00:00,4021.63,4061.09,4005.28,4019.01,155611651
2019-04-24 00:00:00,4033.63,4044.34,3967.81,4030.09,145498696
2019-04-25 00:00:00,4013.6,4022.56,3938.33,3941.82,159722071
2019-04-26 00:00:00,3921.89,3943.83,3887.25,3889.27,142008069
2019-04-29 00:00:00,3896.58,3953.23,3875.45,3900.33,153870927
2019-04-30 00:00:00,3887.18,3923.11,3885.15,3913.21,116233377
2019-05-06 00:00:00,3775.08,3791.61,3647.14,3684.62,197472883
2019-05-07 00:00:00,3702.27,3738.18,3671.83,3720.67,132847654
2019-05-08 00:00:00,3648.55,3722.93,3642.5,3667.46,112867356
2019-05-09 00:00:00,3637.35,3656.9,3584.82,3599.7,101037394
2019-05-10 00:00:00,3643.06,3732.92,3589.29,3730.45,148003848
2019-05-13 00:00:00,3675.76,3702.9,3658,3668.73,103391859
2019-05-14 00:00:00,3630.44,3683.26,3630.44,3645.15,102313459
2019-05-15 00:00:00,3674.99,3741.04,3674.99,3727.09,110161769
2019-05-16 00:00:00,3720.04,3745.14,3707.9,3743.96,116258273
2019-05-17 00:00:00,3744.88,3745.36,3637.58,3648.76,128453245
2019-05-20 00:00:00,3635.74,3644.5,3583.83,3617.79,108963476
2019-05-21 00:00:00,3619.44,3690.09,3610.68,3666.78,111022920
2019-05-22 00:00:00,3663.15,3679.27,3634.75,3649.38,98346127
2019-05-23 00:00:00,3629.53,3631.47,3578.11,3583.96,99897782
2019-05-24 00:00:00,3584.9,3623.39,3580.79,3593.91,80934049
2019-05-27 00:00:00,3592.6,3648.03,3556.26,3637.2,108830871
2019-05-28 00:00:00,3633.02,3683.23,3627.79,3672.26,117886241
2019-05-29 00:00:00,3642.54,3693.23,3637.35,3663.91,93355441
2019-05-30 00:00:00,3648.85,3650.97,3612.62,3641.18,94202560
2019-05-31 00:00:00,3641,3668.18,3627.54,3629.79,89222267
2019-06-03 00:00:00,3640.61,3672.81,3613.13,3632.01,100723180
2019-06-04 00:00:00,3632.56,3636.13,3584.46,3598.47,87097093
2019-06-05 00:00:00,3627.79,3634.45,3593.95,3597.11,88642020
2019-06-06 00:00:00,3601.04,3601.04,3557.02,3564.68,85534403
2019-06-10 00:00:00,3578.01,3623.73,3568.28,3610.74,92375060
2019-06-11 00:00:00,3617.52,3723.14,3617.52,3719.28,143482806
2019-06-12 00:00:00,3706.86,3711.88,3683.94,3691.1,119178852
2019-06-13 00:00:00,3689.58,3697.59,3654.27,3685.39,96331717
2019-06-14 00:00:00,3690.48,3709.65,3650.91,3654.88,101817004
2019-06-17 00:00:00,3654.44,3683.77,3645.5,3654.82,72976678
2019-06-18 00:00:00,3661.13,3675.65,3638.78,3667.62,70692265
2019-06-19 00:00:00,3761.34,3771.35,3715.13,3715.94,125595715
2019-06-20 00:00:00,3718.94,3845.79,3717.19,3828.52,168872074
2019-06-21 00:00:00,3832.73,3856.09,3817.31,3833.94,153635154
2019-06-24 00:00:00,3836.31,3853.55,3819.77,3841.27,100084621
2019-06-25 00:00:00,3837.43,3838.06,3755.01,3801.31,124075912
2019-06-26 00:00:00,3779.51,3809.76,3771.72,3794.33,81820283
2019-06-27 00:00:00,3807.54,3854.08,3805.83,3834.82,105316357
2019-06-28 00:00:00,3832.06,3835.23,3803.05,3825.59,84766139
2019-07-01 00:00:00,3899.33,3936.67,3886.91,3935.81,158370340
2019-07-02 00:00:00,3931.05,3942.43,3918.94,3937.17,131863496
2019-07-03 00:00:00,3927.44,3927.44,3878.84,3893.53,111992604
2019-07-04 00:00:00,3895.2,3906.89,3854.69,3873.1,99342257
2019-07-05 00:00:00,3875.37,3900.31,3857.93,3893.2,74006528
2019-07-08 00:00:00,3875.75,3875.75,3775.03,3802.79,109539087
2019-07-09 00:00:00,3798.1,3811.1,3774.76,3793.13,74842732
2019-07-10 00:00:00,3807.95,3810.4,3774.23,3786.74,72833948
2019-07-11 00:00:00,3806.19,3830.74,3774.41,3785.22,75311964
2019-07-12 00:00:00,3783.07,3820.24,3774.52,3808.73,75465966
2019-07-15 00:00:00,3792.64,3844.87,3745.85,3824.19,101205222
2019-07-16 00:00:00,3819.25,3828.33,3799.87,3806.84,80730952
2019-07-17 00:00:00,3800.11,3820.27,3787.9,3804.64,95183885
2019-07-18 00:00:00,3793.19,3793.39,3768,3768.4,87496445
2019-07-19 00:00:00,3787.51,3828.15,3787.51,3807.96,88086149
2019-07-22 00:00:00,3813.5,3816.54,3765.44,3781.68,92101376
2019-07-23 00:00:00,3783.54,3792.96,3768.76,3789.91,71313347
2019-07-24 00:00:00,3803.59,3840.06,3803.57,3819.83,90940685
2019-07-25 00:00:00,3821.39,3851.07,3812.95,3851.07,93740416
2019-07-26 00:00:00,3835.23,3863.59,3832.52,3858.57,83259300
2019-07-29 00:00:00,3857.94,3862.75,3842.43,3854.27,84814369
2019-07-30 00:00:00,3861.57,3890.73,3861.57,3870.32,94123955
2019-07-31 00:00:00,3856.75,3856.75,3830.09,3835.36,82151155
2019-08-01 00:00:00,3819.32,3831.26,3791.55,3803.47,84114181
2019-08-02 00:00:00,3729.13,3754.53,3720.06,3747.44,108335898
2019-08-05 00:00:00,3724.41,3739.5,3675.69,3675.69,101325980
2019-08-06 00:00:00,3609.11,3649.9,3575.86,3636.33,129833871
2019-08-07 00:00:00,3654.63,3659.08,3621.43,3621.43,84238715
2019-08-08 00:00:00,3651.36,3675.46,3646.94,3669.29,88457708
2019-08-09 00:00:00,3686.75,3689.18,3628.12,3633.53,85295580
2019-08-12 00:00:00,3647.87,3699.1,3643.32,3699.1,82083057
2019-08-13 00:00:00,3675.59,3686.43,3658.01,3665.75,76500303
2019-08-14 00:00:00,3712.07,3717.56,3680.61,3682.4,91202591
2019-08-15 00:00:00,3618.01,3694.3,3612.11,3694,88598833
2019-08-16 00:00:00,3697.94,3738.1,3687.08,3710.54,88319168
2019-08-19 00:00:00,3736.03,3791.09,3720.69,3791.09,139327012
2019-08-20 00:00:00,3786.03,3799.9,3778.73,3787.73,108602089
2019-08-21 00:00:00,3778.31,3792.6,3775.45,3781.76,82299881
2019-08-22 00:00:00,3793.86,3797.33,3771.2,3793.51,85807793
2019-08-23 00:00:00,3796.88,3829.36,3788.03,3820.86,87954583
2019-08-26 00:00:00,3756.36,3778.87,3753.16,3765.91,93859269
2019-08-27 00:00:00,3791.46,3848.24,3790.87,3816.95,124731479
2019-08-28 00:00:00,3818.81,3822.59,3790.14,3802.58,88750812
2019-08-29 00:00:00,3805.49,3808.6,3774.4,3790.19,84083387
2019-08-30 00:00:00,3816.68,3828.97,3778.92,3799.59,96695150
2019-09-02 00:00:00,3803.69,3855.78,3799.82,3848.32,110289349
2019-09-03 00:00:00,3852.58,3856.68,3833.76,3853.61,97714632
2019-09-04 00:00:00,3848.65,3886,3846.42,3886,126628616
2019-09-05 00:00:00,3909.21,3970,3909.21,3925.32,181656230
2019-09-06 00:00:00,3946.69,3948.54,3922.34,3948.51,121882376
2019-09-09 00:00:00,3980.96,3985.24,3954.88,3972.95,146809754
2019-09-10 00:00:00,3976.87,3976.92,3938.74,3959.27,130889385
2019-09-11 00:00:00,3969.68,3971.22,3922.95,3930.1,131594875
2019-09-12 00:00:00,3944.69,3975.93,3933.44,3972.38,110241272
2019-09-16 00:00:00,3981.36,3982.2,3943.37,3957.72,110259804
2019-09-17 00:00:00,3947.16,3947.16,3879.49,3891.22,113694318
2019-09-18 00:00:00,3902.99,3923.15,3902.51,3910.08,82056151
2019-09-19 00:00:00,3923.96,3924.38,3897.07,3924.38,85984238
2019-09-20 00:00:00,3933.46,3942.22,3921.41,3935.65,103455954
2019-09-23 00:00:00,3925.19,3925.19,3868.21,3890.66,94036224
2019-09-24 00:00:00,3895.87,3927.01,3886.14,3901.08,87783229
2019-09-25 00:00:00,3887.55,3889.84,3867.23,3870.98,89520835
2019-09-26 00:00:00,3884.7,3890.75,3840.25,3841.14,102698301
2019-09-27 00:00:00,3843.46,3859.5,3832.25,3852.65,74003948
2019-09-30 00:00:00,3842.07,3857.23,3813.55,3814.53,65931313
2019-10-08 00:00:00,3818.59,3861.64,3818.59,3837.68,76657861
2019-10-09 00:00:00,3822.61,3845.34,3805.07,3843.24,75854513
2019-10-10 00:00:00,3838.49,3877.14,3829.43,3874.64,79222694
2019-10-11 00:00:00,3885.52,3922.37,3868.84,3911.73,93412577
2019-10-14 00:00:00,3944.86,3983.81,3934.73,3953.24,122393610
2019-10-15 00:00:00,3953.16,3953.16,3928.15,3936.25,85273948
2019-10-16 00:00:00,3939.28,3964.05,3919.02,3922.69,83229706
2019-10-17 00:00:00,3929.39,3935.81,3913.92,3925.22,64863744
2019-10-18 00:00:00,3935.42,3940.54,3864.97,3869.38,82321139
2019-10-21 00:00:00,3865.34,3884.74,3856.04,3880.84,74182917
2019-10-22 00:00:00,3896.31,3897.44,3870.55,3895.88,68918566
2019-10-23 00:00:00,3892.68,3901.42,3862.2,3871.08,70198625
2019-10-24 00:00:00,3877.92,3890.2,3852.58,3870.67,71334574
2019-10-25 00:00:00,3871.77,3899.72,3849.03,3896.79,77453619
2019-10-28 00:00:00,3904.98,3927.8,3897.82,3926.59,97406021
2019-10-29 00:00:00,3929.71,3932.37,3910.23,3910.23,82257075
2019-10-30 00:00:00,3904.72,3908.1,3883.45,3891.23,77872924
2019-10-31 00:00:00,3906.86,3907.15,3878.88,3886.75,86714540
2019-11-01 00:00:00,3883.81,3956.08,3876.42,3952.39,100689613
2019-11-04 00:00:00,3964.01,3985.36,3964.01,3978.12,104193856
2019-11-05 00:00:00,3982.12,4030.64,3970.87,4002.81,112911880
2019-11-06 00:00:00,4006.33,4007.5,3973.78,3984.88,97312952
2019-11-07 00:00:00,3984.55,4005.38,3975.55,3991.87,87254899
2019-11-08 00:00:00,4017.67,4022.04,3971.57,3973.01,97106949
2019-11-11 00:00:00,3948.62,3948.62,3897.55,3902.98,94155620
2019-11-12 00:00:00,3905.96,3914.88,3877.74,3903.69,76543068
2019-11-13 00:00:00,3905.28,3908.42,3882.43,3899.98,76749079
2019-11-14 00:00:00,3905.93,3916.95,3895.14,3905.86,87008445
2019-11-15 00:00:00,3908.49,3915.1,3877.09,3877.09,83730916
2019-11-18 00:00:00,3874.44,3913.1,3868.32,3907.93,76645993
2019-11-19 00:00:00,3904.1,3947.04,3902.38,3947.04,82161024
2019-11-20 00:00:00,3940.13,3943.23,3901.99,3907.86,76815332
2019-11-21 00:00:00,3894.54,3901.83,3875.97,3889.6,69130537
2019-11-22 00:00:00,3894.17,3918.84,3833.5,3849.99,91042639
2019-11-25 00:00:00,3850.97,3878.25,3839.42,3878.21,106066289
2019-11-26 00:00:00,3893.43,3899.11,3869.59,3891.65,111513536
2019-11-27 00:00:00,3883.43,3889.98,3862.7,3875.62,76437304
2019-11-28 00:00:00,3877.9,3887.69,3852.01,3862.3,65230118
2019-11-29 00:00:00,3857.19,3861.66,3804.83,3828.67,74144330
2019-12-02 00:00:00,3835.51,3854.75,3829.31,3836.06,77412173
2019-12-03 00:00:00,3829.21,3851.12,3811.63,3851.09,73611241
2019-12-04 00:00:00,3841.66,3852.99,3831.07,3849.82,79683384
2019-12-05 00:00:00,3863.61,3883.4,3859.82,3879.36,89051192
2019-12-06 00:00:00,3885.06,3902.39,3878.7,3902.39,78648888
2019-12-09 00:00:00,3909.53,3911.97,3885.25,3895.45,95353807
2019-12-10 00:00:00,3886.44,3900.96,3882.09,3900.38,86262927
2019-12-11 00:00:00,3907.16,3909.39,3890.34,3902.75,99765481
2019-12-12 00:00:00,3908.45,3908.45,3886.12,3891.02,84708329
2019-12-13 00:00:00,3928,3969.46,3925.28,3968.22,148571348
2019-12-16 00:00:00,3970.71,3987.59,3953.51,3987.55,148486671
2019-12-17 00:00:00,3987.74,4067.14,3984.52,4041.8,201162936
2019-12-18 00:00:00,4039.72,4057.64,4025.34,4032.78,151351764
2019-12-19 00:00:00,4034.62,4038.54,4014.9,4027.15,117900559
2019-12-20 00:00:00,4032.15,4046.73,4014.93,4017.25,121267663
2019-12-23 00:00:00,4014.69,4032.17,3964.38,3967.1,122816246
2019-12-24 00:00:00,3971.56,3994.51,3963.67,3992.96,95989046
2019-12-25 00:00:00,3988.66,4000.56,3976.36,3990.87,94938890
2019-12-26 00:00:00,3993.67,4025.99,3993.54,4025.99,108860641
2019-12-27 00:00:00,4029.25,4066.8,4019.72,4022.03,150926410
2019-12-30 00:00:00,4015.52,4083.69,4001.5,4081.63,155971489
2019-12-31 00:00:00,4077.75,4098.14,4069.01,4096.58,123264259