date,open,high,low,close
2015/1/5 0:00,1419.44,1440.57,1408.99,1436.86
2015/1/6 0:00,1429.1,1463.04,1422.44,1461.32
2015/1/7 0:00,1458.26,1462.41,1446.97,1457.45
2015/1/8 0:00,1456.33,1463.46,1442.66,1451.15
2015/1/9 0:00,1446.89,1467.91,1442.82,1442.84
2015/1/12 0:00,1436.64,1441.67,1422.19,1432.56
2015/1/13 0:00,1431.48,1454.26,1431.12,1452.37
2015/1/14 0:00,1453.62,1456.61,1438.93,1445.86
2015/1/15 0:00,1445.23,1459.69,1445.15,1459.69
2015/1/16 0:00,1460.41,1479.75,1460.41,1478.47
2015/1/19 0:00,1436.7,1474.73,1411.92,1428.37
2015/1/20 0:00,1432.07,1476.84,1432.07,1476.84
2015/1/21 0:00,1483.11,1512.68,1482.19,1512.29
2015/1/22 0:00,1512.5,1530.62,1511.15,1530.28
2015/1/23 0:00,1532.42,1533.69,1508.88,1514.3
2015/1/26 0:00,1520.02,1548.75,1519.06,1548.02
2015/1/27 0:00,1548.35,1554.62,1527.09,1549.93
2015/1/28 0:00,1545.14,1554.36,1534.94,1538.86
2015/1/29 0:00,1526.15,1536.28,1520.54,1529.38
2015/1/30 0:00,1531.45,1537.98,1512.39,1512.39
2015/2/2 0:00,1494.6,1514.5,1489.29,1502.89
2015/2/3 0:00,1509.75,1533.83,1509.75,1533.22
2015/2/4 0:00,1536.65,1543.58,1528.19,1529.04
2015/2/5 0:00,1544.2,1551.59,1526.11,1526.11
2015/2/6 0:00,1522.81,1526.04,1489.37,1495.26
2015/2/9 0:00,1491.92,1500.87,1485.95,1489.39
2015/2/10 0:00,1488.63,1512.49,1488.23,1512.49
2015/2/11 0:00,1515.17,1534.7,1515.17,1533.32
2015/2/12 0:00,1534.51,1546.44,1534.23,1544.8
2015/2/13 0:00,1551.91,1575.37,1551.91,1569.56
2015/2/16 0:00,1574.08,1600.05,1574.08,1600.05
2015/2/17 0:00,1606.81,1612.52,1600.96,1610.73
2015/2/25 0:00,1615.47,1615.47,1593.97,1598.3
2015/2/26 0:00,1597.24,1614.73,1596.48,1614.71
2015/2/27 0:00,1614.14,1630.68,1612.63,1630.05
2015/3/2 0:00,1640.89,1663.65,1637.15,1663.65
2015/3/3 0:00,1657.84,1668.55,1644.35,1644.99
2015/3/4 0:00,1645.48,1673.24,1645.48,1673.24
2015/3/5 0:00,1673.93,1677.89,1663.29,1677.77
2015/3/6 0:00,1679.94,1682.72,1650.7,1651.77
2015/3/9 0:00,1643.17,1672.07,1634.57,1672.07
2015/3/10 0:00,1672.36,1697.51,1671.52,1691.98
2015/3/11 0:00,1692.28,1696.57,1684.9,1689.15
2015/3/12 0:00,1692.28,1694.07,1674.07,1684.84
2015/3/13 0:00,1688.99,1708.08,1688.73,1708.08
2015/3/16 0:00,1719.68,1760.19,1719.68,1760.19
2015/3/17 0:00,1769.82,1785.36,1761.01,1781.78
2015/3/18 0:00,1783.45,1818.38,1779.14,1818.38
2015/3/19 0:00,1821.43,1827.86,1808.95,1827.86
2015/3/20 0:00,1829.24,1853.55,1829.24,1852.94
2015/3/23 0:00,1864.37,1903.65,1864.37,1903.64
2015/3/24 0:00,1912.47,1923.92,1856.15,1922.85
2015/3/25 0:00,1923.69,1955.11,1912.56,1943.69
2015/3/26 0:00,1935.4,1948.18,1897.54,1914.23
2015/3/27 0:00,1911.88,1938.15,1910.64,1935.59
2015/3/30 0:00,1939.06,1951.62,1933.38,1948.06
2015/3/31 0:00,1957.53,1979.23,1950.52,1958.4
2015/4/1 0:00,1961.14,2009.15,1961.14,2005.67
2015/4/2 0:00,2018.5,2043.03,2012.82,2043.03
2015/4/3 0:00,2035.97,2081.59,2027.61,2080.4
2015/4/7 0:00,2094.42,2124.09,2094.42,2124.09
2015/4/8 0:00,2132.87,2133.72,2066.2,2109.03
2015/4/9 0:00,2111.22,2111.22,2026.13,2096.97
2015/4/10 0:00,2088.15,2153.01,2077.89,2149.11
2015/4/13 0:00,2160,2192.49,2149.37,2187.73
2015/4/14 0:00,2190.23,2204.44,2163.01,2181.89
2015/4/15 0:00,2174.49,2174.49,2101.65,2101.65
2015/4/16 0:00,2076.04,2148.88,2059.13,2126.15
2015/4/17 0:00,2143.57,2153.15,2126.84,2136.27
2015/4/20 0:00,2131.92,2144.99,2085.75,2093.71
2015/4/21 0:00,2096.27,2174.93,2096.27,2174.93
2015/4/22 0:00,2194.97,2235.57,2194.97,2234.46
2015/4/23 0:00,2247.33,2269.96,2230.57,2256.98
2015/4/24 0:00,2236.1,2263.69,2217.24,2256.36
2015/4/27 0:00,2275.64,2292.74,2251.99,2271.28
2015/4/28 0:00,2274.08,2275.34,2187.9,2208.56
2015/4/29 0:00,2202.6,2258.29,2195.22,2254.98
2015/4/30 0:00,2266.28,2294.02,2266.28,2267.77
2015/5/4 0:00,2274.99,2287.73,2250.35,2281.66
2015/5/5 0:00,2280.98,2282.69,2205.44,2217.89
2015/5/6 0:00,2226.9,2271.47,2194.05,2206.71
2015/5/7 0:00,2198.13,2210.77,2175.87,2181.3
2015/5/8 0:00,2206.23,2272.17,2206.23,2272.17
2015/5/11 0:00,2301.28,2373.94,2290.4,2373.92
2015/5/12 0:00,2391.31,2426.44,2376.99,2425.9
2015/5/13 0:00,2414.73,2469.38,2390.15,2445.87
2015/5/14 0:00,2453.47,2471.35,2434.95,2454.2
2015/5/15 0:00,2446.79,2464.37,2406.51,2442.76
2015/5/18 0:00,2443.65,2507.04,2440.87,2501.46
2015/5/19 0:00,2518.78,2570.53,2500.47,2567.29
2015/5/20 0:00,2583.56,2661.88,2583.56,2619.32
2015/5/21 0:00,2636.25,2713.42,2636.25,2713.42
2015/5/22 0:00,2756.34,2772.49,2685.88,2740.92
2015/5/25 0:00,2710.73,2788.97,2692.47,2785.07
2015/5/26 0:00,2802.04,2884.76,2800.82,2884.66
2015/5/27 0:00,2904.98,2930.31,2842.4,2918.02
2015/5/28 0:00,2923.87,2967.53,2756.84,2756.93
2015/5/29 0:00,2751.38,2841.26,2641.8,2793.25
2015/6/1 0:00,2818.36,2926.96,2818.36,2926.96
2015/6/2 0:00,2949.82,3029.98,2936.66,3029.97
2015/6/3 0:00,3051.33,3065.05,2962.32,3041.41
2015/6/4 0:00,3043.8,3050.63,2853.89,3023.7
2015/6/5 0:00,3065.45,3091.42,2991.27,3051.96
2015/6/8 0:00,3048.56,3048.56,2959.49,2999.34
2015/6/9 0:00,2989.27,3025.35,2957.07,2994.85
2015/6/10 0:00,2979.89,3083.09,2957.11,3055.58
2015/6/11 0:00,3058.9,3100.94,3049.4,3100.94
2015/6/12 0:00,3115.85,3156.96,3110.03,3140.66
2015/6/15 0:00,3151.15,3155.1,3067.97,3073.07
2015/6/16 0:00,3034.6,3034.6,2937.24,2962.66
2015/6/17 0:00,2960.47,3030.22,2873.1,3021.4
2015/6/18 0:00,3016,3029.95,2908.51,2913.6
2015/6/19 0:00,2846.79,2873.67,2736.48,2742.18
2015/6/23 0:00,2737.09,2774.64,2597.66,2774.64
2015/6/24 0:00,2799.64,2831.09,2746.91,2822.73
2015/6/25 0:00,2831.76,2832.43,2684.24,2716.71
2015/6/26 0:00,2629.51,2632.33,2493.79,2502.96
2015/6/29 0:00,2547.37,2549.29,2308.97,2351.4
2015/6/30 0:00,2288.06,2466.44,2201.9,2464.23
2015/7/1 0:00,2439.09,2523.08,2334.44,2346.13
2015/7/2 0:00,2333.66,2347.4,2191.59,2215.81
2015/7/3 0:00,2135.55,2243.57,2060.56,2098.48
2015/7/6 0:00,2235.98,2235.98,1982.33,2041.85
2015/7/7 0:00,1970.38,1982.04,1918.82,1932.83
2015/7/8 0:00,1854.22,1888.19,1851.61,1884.45
2015/7/9 0:00,1864.69,1955.66,1864.69,1955.35
2015/7/10 0:00,1991.06,2037.54,1986.31,2035.26
2015/7/13 0:00,2087.02,2126.44,2071.71,2120.25
2015/7/14 0:00,2155.69,2200.49,2133.71,2149.52
2015/7/15 0:00,2158.56,2158.56,2053.75,2058.84
2015/7/16 0:00,2020.72,2128.9,1971.51,2086.52
2015/7/17 0:00,2100.16,2204.09,2097.23,2190.42
2015/7/20 0:00,2208.08,2262.48,2184.2,2230.29
2015/7/21 0:00,2208.55,2282.49,2187.42,2265.1
2015/7/22 0:00,2266.61,2296.4,2232.48,2287.98
2015/7/23 0:00,2292.61,2358.51,2280.72,2352.65
2015/7/24 0:00,2361.16,2395.97,2306.58,2322.71
2015/7/27 0:00,2277.62,2340.93,2159.29,2160.09
2015/7/28 0:00,2059.24,2186.35,2024.31,2111.7
2015/7/29 0:00,2139.39,2198.82,2062.82,2198.81
2015/7/30 0:00,2188,2229.98,2125.34,2128.16
2015/7/31 0:00,2096.02,2154.95,2082.45,2110.62
2015/8/3 0:00,2079.13,2097.37,2020.55,2053.12
2015/8/4 0:00,2053.06,2150.95,2042.13,2150.95
2015/8/5 0:00,2148.78,2179.6,2112.06,2128.42
2015/8/6 0:00,2084.89,2139.99,2077.3,2113.65
2015/8/7 0:00,2132.34,2177.39,2130.49,2177.15
2015/8/10 0:00,2198.89,2286.9,2192.13,2274.84
2015/8/11 0:00,2278.17,2315.13,2266.74,2284.27
2015/8/12 0:00,2264.24,2296.92,2249.18,2249.18
2015/8/13 0:00,2239.09,2298.79,2222.24,2298.79
2015/8/14 0:00,2316.48,2335.97,2296.91,2310.4
2015/8/17 0:00,2303.86,2329.39,2279.43,2327.49
2015/8/18 0:00,2331.14,2340.09,2166.21,2174.42
2015/8/19 0:00,2107.65,2233.89,2060.34,2222.05
2015/8/20 0:00,2201.12,2234.22,2153.75,2155.49
2015/8/21 0:00,2114.89,2139.4,2035.72,2039.4
2015/8/24 0:00,1951.28,1959.06,1881.35,1882.46
2015/8/25 0:00,1751.28,1801.79,1744.87,1749.07
2015/8/26 0:00,1746.08,1806.15,1672.16,1695.76
2015/8/27 0:00,1723.54,1752.21,1661.76,1752.21
2015/8/28 0:00,1776.44,1848.96,1761.27,1846.83
2015/8/31 0:00,1832.98,1832.98,1780.78,1790.31
2015/9/1 0:00,1763.1,1763.1,1687.36,1707.78
2015/9/2 0:00,1628.18,1739.57,1625.73,1673.95
2015/9/7 0:00,1689.15,1736.24,1665.19,1677.33
2015/9/8 0:00,1662.57,1744.68,1646.54,1741.54
2015/9/9 0:00,1750.36,1809.02,1745.65,1798.84
2015/9/10 0:00,1770.03,1802.23,1762.57,1770.38
2015/9/11 0:00,1766.78,1793.94,1756.44,1781.35
2015/9/14 0:00,1789.43,1794.41,1656.49,1662.89
2015/9/15 0:00,1616.46,1649.59,1574.74,1580.26
2015/9/16 0:00,1585.11,1689.72,1581.8,1683.36
2015/9/17 0:00,1680,1729.22,1658.42,1658.42
2015/9/18 0:00,1668.33,1689.03,1648.71,1679.1
2015/9/21 0:00,1657.94,1739.05,1652.07,1738.64
2015/9/22 0:00,1744.03,1770.24,1728.52,1750.91
2015/9/23 0:00,1721.24,1756.45,1717.61,1736.44
2015/9/24 0:00,1744.06,1764.64,1736.3,1757.54
2015/9/25 0:00,1748.27,1759.55,1685.37,1697.12
2015/9/28 0:00,1698.22,1738.92,1678.22,1737.92
2015/9/29 0:00,1710.14,1732.53,1697.53,1711.72
2015/9/30 0:00,1719.19,1727.65,1698.67,1716.78
2015/10/8 0:00,1771.78,1797.85,1759.88,1785.39
2015/10/9 0:00,1783.95,1819.17,1780.05,1811.63
2015/10/12 0:00,1822.22,1903.46,1821.72,1887.28
2015/10/13 0:00,1873.2,1911.87,1867.28,1907.12
2015/10/14 0:00,1899.42,1916.42,1879.74,1884.16
2015/10/15 0:00,1875.44,1941.28,1875.44,1941.28
2015/10/16 0:00,1954.14,1968.38,1928.66,1966.96
2015/10/19 0:00,1974.68,1986.23,1943.8,1969.64
2015/10/20 0:00,1967.58,2008.48,1961.24,2008.48
2015/10/21 0:00,2008.36,2018.98,1882.26,1889.13
2015/10/22 0:00,1885.64,1961.6,1885.12,1959.19
2015/10/23 0:00,1975.09,2024.41,1968.43,2016.74
2015/10/26 0:00,2042.3,2048.84,2003.95,2030.48
2015/10/27 0:00,2012.76,2054.94,1948.23,2043.78
2015/10/28 0:00,2030.23,2057.18,1989.85,1998.38
2015/10/29 0:00,2011.82,2035.24,1983.55,2014.4
2015/10/30 0:00,2011.07,2042.68,1979.81,2014.86
2015/11/2 0:00,1987.95,2047.54,1982.14,1987.97
2015/11/3 0:00,1993.31,2008.36,1968.65,1987.47
2015/11/4 0:00,1996.5,2089.29,1996.5,2089.29
2015/11/5 0:00,2094.14,2123.87,2075.59,2093.47
2015/11/6 0:00,2094.37,2154.96,2094.37,2152.43
2015/11/9 0:00,2142.74,2203.66,2125.58,2191.6
2015/11/10 0:00,2181.28,2222.89,2175.07,2209.61
2015/11/11 0:00,2211.51,2254.67,2202.63,2253.21
2015/11/12 0:00,2263.72,2279.85,2228.17,2259.49
2015/11/13 0:00,2232.52,2245.26,2182.07,2205.57
2015/11/16 0:00,2161.11,2250.98,2159.3,2250.98
2015/11/17 0:00,2274.3,2289.14,2225.24,2231.18
2015/11/18 0:00,2231.91,2246.36,2185.19,2189.88
2015/11/19 0:00,2197.28,2257.21,2196.08,2257.21
2015/11/20 0:00,2266.53,2296.15,2256.55,2285.83
2015/11/23 0:00,2287.47,2310.76,2260.05,2268.62
2015/11/24 0:00,2266.14,2300.09,2247.08,2300.09
2015/11/25 0:00,2300.63,2346.37,2298.65,2343.62
2015/11/26 0:00,2354.42,2358.34,2320.46,2325.69
2015/11/27 0:00,2311.22,2324.07,2168.71,2184.11
2015/11/30 0:00,2187.33,2212.95,2086.43,2203.61
2015/12/1 0:00,2200.86,2226.69,2172.21,2198.28
2015/12/2 0:00,2191.45,2197.94,2121.63,2189.31
2015/12/3 0:00,2191.59,2243.94,2191.59,2243.94
2015/12/4 0:00,2236.77,2260.43,2217.21,2233.26
2015/12/7 0:00,2237.12,2263.44,2222.26,2261.41
2015/12/8 0:00,2250.17,2252.25,2213.48,2221.27
2015/12/9 0:00,2209.17,2230.78,2197.17,2214.21
2015/12/10 0:00,2212.31,2236.51,2206.39,2211.86
2015/12/11 0:00,2203.17,2215.4,2185.78,2195.86
2015/12/14 0:00,2174.72,2239.68,2171.26,2239.68
2015/12/15 0:00,2242.85,2273.14,2242.85,2264.72
2015/12/16 0:00,2272.44,2295.1,2271.34,2280.12
2015/12/17 0:00,2294.2,2342.18,2294.2,2342.18
2015/12/18 0:00,2341.75,2350.7,2322.03,2335.6
2015/12/21 0:00,2331.31,2361.52,2329.68,2357.99
2015/12/22 0:00,2363.28,2379.63,2348.96,2379.63
2015/12/23 0:00,2381.46,2386.31,2345.37,2351.06
2015/12/24 0:00,2344.78,2352.81,2307.47,2346.37
2015/12/25 0:00,2350.94,2366.06,2343.77,2359.73
2015/12/28 0:00,2367.97,2377.2,2308.38,2308.38
2015/12/29 0:00,2305.48,2330.36,2287,2330.36
2015/12/30 0:00,2333.63,2352.87,2327.13,2351.35
2015/12/31 0:00,2352.43,2356.9,2308.84,2308.91
2016/1/4 0:00,2304.48,2304.49,2119.1,2119.16
2016/1/5 0:00,2012.61,2121.39,2005.39,2079.77
2016/1/6 0:00,2090.37,2133.96,2071.65,2133.96
2016/1/7 0:00,2094.66,2094.66,1955.88,1958.09
2016/1/8 0:00,2002.21,2021.7,1878.49,1978.72
2016/1/11 0:00,1934.24,1958.92,1847.88,1848.1
2016/1/12 0:00,1846.44,1879.2,1811.79,1855.39
2016/1/13 0:00,1864.19,1880.62,1791.1,1791.18
2016/1/14 0:00,1732.53,1862.08,1729.99,1859.37
2016/1/15 0:00,1845.17,1863.36,1785.51,1796.13
2016/1/18 0:00,1759.49,1851.51,1758.19,1830.33
2016/1/19 0:00,1825.47,1898.53,1820.58,1895.75
2016/1/20 0:00,1883.04,1909.46,1862.69,1876.31
2016/1/21 0:00,1845.58,1895.06,1800.99,1800.99
2016/1/22 0:00,1820.85,1837.71,1772.01,1827.34
2016/1/25 0:00,1843.1,1863.38,1827.37,1845.78
2016/1/26 0:00,1824.4,1826.62,1710.44,1714.42
2016/1/27 0:00,1720.44,1725.26,1618.12,1700.15
2016/1/28 0:00,1676.88,1696.71,1622.47,1629.07
2016/1/29 0:00,1624.85,1703.66,1620.51,1689.43
2016/2/1 0:00,1684.72,1699.01,1647.37,1671.91
2016/2/2 0:00,1673,1734.52,1673,1729.09
2016/2/3 0:00,1709.48,1744.58,1698.09,1737.2
2016/2/4 0:00,1742.4,1779.79,1742.4,1771.07
2016/2/5 0:00,1773.71,1780.13,1750.46,1750.7
2016/2/15 0:00,1693.81,1759.91,1693.34,1750.02
2016/2/16 0:00,1759.4,1826.15,1759.4,1821.71
2016/2/17 0:00,1821.48,1850.36,1810.13,1847.65
2016/2/18 0:00,1859.52,1867.98,1838.1,1841.42
2016/2/19 0:00,1835.56,1861.72,1831.75,1850.51
2016/2/22 0:00,1874.49,1888.18,1865.09,1888.18
2016/2/23 0:00,1890.32,1894.54,1852.45,1877.19
2016/2/24 0:00,1869.43,1887.12,1836.91,1876.47
2016/2/25 0:00,1872.25,1872.25,1731.58,1738.67
2016/2/26 0:00,1750.51,1759.8,1701.5,1736.54
2016/2/29 0:00,1726.78,1726.78,1627.18,1643.36
2016/3/1 0:00,1643.55,1693.78,1620.58,1681.47
2016/3/2 0:00,1677.44,1763.39,1676.68,1760.58
2016/3/3 0:00,1760.32,1793.43,1756.77,1758.13
2016/3/4 0:00,1749.33,1762.23,1687.37,1706.97
2016/3/7 0:00,1724.18,1759.78,1724.1,1741.65
2016/3/8 0:00,1738.72,1750.54,1673.49,1750.54
2016/3/9 0:00,1712.19,1740.96,1700.47,1713.44
2016/3/10 0:00,1714.38,1728.64,1686.99,1688.97
2016/3/11 0:00,1670.45,1697.73,1663.31,1685.24
2016/3/14 0:00,1704.51,1762.68,1704.51,1745.29
2016/3/15 0:00,1740.03,1748.87,1722.53,1729.08
2016/3/16 0:00,1741.87,1748.01,1700.08,1711.47
2016/3/17 0:00,1717.91,1777.3,1717.91,1772.43
2016/3/18 0:00,1780.45,1843.27,1780.04,1837.21
2016/3/21 0:00,1860.61,1886.37,1855.27,1886.37
2016/3/22 0:00,1870.56,1896.21,1860.43,1880.78
2016/3/23 0:00,1874.56,1902.53,1870.08,1902.53
2016/3/24 0:00,1885.12,1911.58,1869.33,1876.11
2016/3/25 0:00,1870.32,1890.65,1861.1,1885.18
2016/3/28 0:00,1896.36,1914.82,1868.74,1874.66
2016/3/29 0:00,1871.17,1874.6,1824.89,1840.51
2016/3/30 0:00,1856.29,1906.77,1856.29,1906.77
2016/3/31 0:00,1916.61,1931.43,1906.68,1912.21
2016/4/1 0:00,1903.34,1909.42,1872.51,1901.52
2016/4/5 0:00,1903.64,1953.46,1899.9,1951.11
2016/4/6 0:00,1943.92,1963.07,1939.44,1961.71
2016/4/7 0:00,1967.06,1970.87,1930.26,1930.26
2016/4/8 0:00,1914.38,1920.75,1889.83,1914.32
2016/4/11 0:00,1931.6,1961.69,1931.6,1952.48
2016/4/12 0:00,1950.31,1954.42,1914.62,1935.6
2016/4/13 0:00,1945.74,1984.96,1945.74,1962.43
2016/4/14 0:00,1972.65,1982.45,1957.77,1982.45
2016/4/15 0:00,1982.87,1985.54,1967.52,1978.58
2016/4/18 0:00,1965.74,1965.74,1938.77,1952.41
2016/4/19 0:00,1960.46,1966.54,1944.57,1958.2
2016/4/20 0:00,1963.61,1966.63,1840.16,1871.51
2016/4/21 0:00,1862.59,1885.17,1846.58,1848.53
2016/4/22 0:00,1836.13,1867.56,1832.43,1867.56
2016/4/25 0:00,1861.8,1865.61,1835.88,1859.9
2016/4/26 0:00,1857.68,1881.99,1855.3,1881.99
2016/4/27 0:00,1884.5,1896.08,1873.29,1876.51
2016/4/28 0:00,1876.75,1880.43,1840.25,1874.31
2016/4/29 0:00,1866.05,1883.55,1863.61,1873.99
2016/5/3 0:00,1873.68,1929.03,1865.76,1929.03
2016/5/4 0:00,1922.11,1943.3,1919.67,1928.63
2016/5/5 0:00,1925.32,1943.45,1921.41,1942.55
2016/5/6 0:00,1944.29,1950.11,1871.61,1871.61
2016/5/9 0:00,1852.65,1852.65,1795.86,1804.35
2016/5/10 0:00,1799.71,1812.78,1792.46,1802.27
2016/5/11 0:00,1812.25,1817.29,1784.99,1791.06
2016/5/12 0:00,1766.26,1790.36,1738.7,1790.03
2016/5/13 0:00,1784.19,1806.39,1774.56,1784.33
2016/5/16 0:00,1778.94,1815.03,1771.26,1815.03
2016/5/17 0:00,1816.2,1832.43,1801.81,1814.68
2016/5/18 0:00,1799.43,1799.43,1746.76,1766.08
2016/5/19 0:00,1764.79,1798.46,1764.79,1775.89
2016/5/20 0:00,1761.34,1794.95,1755.23,1794.95
2016/5/23 0:00,1799.05,1821.8,1799.05,1820.99
2016/5/24 0:00,1818.36,1818.36,1792.33,1804.6
2016/5/25 0:00,1816.07,1825.33,1792.65,1800.23
2016/5/26 0:00,1795.18,1808.93,1763.45,1808.93
2016/5/27 0:00,1804.49,1820.24,1799.81,1807.04
2016/5/30 0:00,1795.93,1813.94,1780.59,1798.78
2016/5/31 0:00,1801.03,1872.36,1801.03,1872.36
2016/6/1 0:00,1877.3,1898.51,1876.62,1886.51
2016/6/2 0:00,1884,1904.74,1882.76,1904.74
2016/6/3 0:00,1905.23,1927.46,1899.83,1914.81
2016/6/6 0:00,1920.65,1924.55,1906.74,1920.12
2016/6/7 0:00,1920.4,1926.35,1909.06,1924.88
2016/6/8 0:00,1921.39,1930.45,1901.69,1918.62
2016/6/13 0:00,1892.07,1905.11,1827.36,1827.36
2016/6/14 0:00,1817.77,1836.68,1812.31,1832.63
2016/6/15 0:00,1812.96,1897.91,1810.66,1889.87
2016/6/16 0:00,1888.44,1900.03,1879.59,1885.44
2016/6/17 0:00,1890,1914.33,1885.62,1900.74
2016/6/20 0:00,1900.91,1913.3,1882.78,1909.12
2016/6/21 0:00,1920.11,1932.32,1881.07,1889.71
2016/6/22 0:00,1884.46,1921.38,1882.55,1921.38
2016/6/23 0:00,1920,1926.27,1900.86,1915.21
2016/6/24 0:00,1912.13,1927.44,1845.64,1900.6
2016/6/27 0:00,1887.92,1946.7,1887.82,1946.7
2016/6/28 0:00,1940.28,1972.11,1937.99,1970.38
2016/6/29 0:00,1977.41,1982.26,1963.9,1973.34
2016/6/30 0:00,1973.94,1979.02,1963.8,1974.24
2016/7/1 0:00,1976.31,1985.9,1963.81,1970.72
2016/7/4 0:00,1956.5,2005,1955.21,2001.69
2016/7/5 0:00,2002.42,2009.24,1992.73,2006.38
2016/7/6 0:00,2000.87,2015.82,1995.01,2015.17
2016/7/7 0:00,2013.22,2022.65,1995.4,2015.15
2016/7/8 0:00,2013.17,2023.63,2003.63,2012.29
2016/7/11 0:00,2015.55,2027.82,1999.34,2000.98
2016/7/12 0:00,1998.75,2025.02,1973.74,2025.02
2016/7/13 0:00,2029.41,2047.32,2024.4,2041.66
2016/7/14 0:00,2039.56,2045.44,2031.48,2044.93
2016/7/15 0:00,2045.1,2047.77,2030.91,2038.73
2016/7/18 0:00,2034.02,2040.1,2017.1,2027.88
2016/7/19 0:00,2026.23,2034.45,2011.51,2034.45
2016/7/20 0:00,2035.35,2045.81,2031.09,2035.85
2016/7/21 0:00,2035.5,2052.69,2030.82,2038.18
2016/7/22 0:00,2037.25,2040.79,2017.77,2019.57
2016/7/25 0:00,2015.55,2030.39,2009.72,2019.81
2016/7/26 0:00,2019.27,2044.96,2019.19,2044.96
2016/7/27 0:00,2045.89,2047.19,1932.45,1953.99
2016/7/28 0:00,1949.54,1964.69,1922.85,1951
2016/7/29 0:00,1950.11,1955.05,1932.23,1941.56
2016/8/1 0:00,1933.19,1933.19,1893,1912.65
2016/8/2 0:00,1910.24,1926.69,1909.27,1926.69
2016/8/3 0:00,1923.24,1936.81,1919.03,1934.82
2016/8/4 0:00,1933.61,1950.58,1926.47,1948.91
2016/8/5 0:00,1948.62,1954.75,1940.47,1941.61
2016/8/8 0:00,1935.83,1962.26,1922.69,1962.26
2016/8/9 0:00,1961.72,1982.66,1960.56,1982.66
2016/8/10 0:00,1982.11,1988.79,1976.1,1976.16
2016/8/11 0:00,1972.54,1976.9,1950.92,1950.92
2016/8/12 0:00,1947.28,1973.67,1946.01,1973.67
2016/8/15 0:00,1977.23,2028.88,1974.34,2023.24
2016/8/16 0:00,2026.34,2042.37,2026.31,2036.8
2016/8/17 0:00,2036.97,2049.65,2031.16,2043.27
2016/8/18 0:00,2040.35,2051.31,2034.93,2042.22
2016/8/19 0:00,2040.65,2050.99,2033.42,2044.7
2016/8/22 0:00,2045.35,2050.03,2018.26,2018.66
2016/8/23 0:00,2016.93,2031.31,2010.95,2024.05
2016/8/24 0:00,2026.14,2040.04,2023.99,2030.28
2016/8/25 0:00,2019.53,2022.09,1995.6,2019.02
2016/8/26 0:00,2022.96,2039.13,2019.02,2023.09
2016/8/29 0:00,2021.68,2032.67,2019.41,2027.15
2016/8/30 0:00,2028.85,2039.08,2025.05,2028.36
2016/8/31 0:00,2028.57,2034.21,2016.65,2032.87
2016/9/1 0:00,2032.57,2035.29,2017.46,2017.46
2016/9/2 0:00,2014.41,2024.46,1999.76,2009.29
2016/9/5 0:00,2015.19,2029.03,2014.29,2018.1
2016/9/6 0:00,2019.27,2048.19,2002.81,2048.19
2016/9/7 0:00,2048.18,2057.78,2042.43,2044.55
2016/9/8 0:00,2043.11,2051.57,2038.38,2050.08
2016/9/9 0:00,2050.59,2054.6,2035.02,2035.02
2016/9/12 0:00,1998.5,2007,1976.98,1977.06
2016/9/13 0:00,1987.77,1993.66,1977.79,1989.33
2016/9/14 0:00,1980.32,1991.54,1973.11,1980.25
2016/9/19 0:00,1984.12,2001.37,1984.12,2001.29
2016/9/20 0:00,2002.68,2003.28,1994.95,2000.06
2016/9/21 0:00,1999.53,2010.45,1998.86,2005.6
2016/9/22 0:00,2016.64,2024.75,2015.01,2018.16
2016/9/23 0:00,2019.57,2020.84,2007.79,2008.12
2016/9/26 0:00,2004.16,2004.16,1966.6,1966.6
2016/9/27 0:00,1962.59,1981.26,1955.17,1981.26
2016/9/28 0:00,1982.18,1983.51,1974.68,1978.3
2016/9/29 0:00,1979.46,1993.87,1979.46,1985.92
2016/9/30 0:00,1983.99,1998.27,1983.41,1995.61
2016/10/10 0:00,2004.73,2033.38,1999.8,2033.38
2016/10/11 0:00,2033.64,2043.69,2031.23,2043.69
2016/10/12 0:00,2037.91,2047.12,2034.55,2047.12
2016/10/13 0:00,2046.81,2054.56,2044.17,2049.31
2016/10/14 0:00,2046.6,2047.75,2032.9,2046.74
2016/10/17 0:00,2048.88,2051.64,2022.04,2027.56
2016/10/18 0:00,2025.07,2056.59,2025.04,2056.59
2016/10/19 0:00,2059.46,2063.16,2048.68,2053.79
2016/10/20 0:00,2054.51,2063.02,2052.13,2060.39
2016/10/21 0:00,2059.08,2060.6,2035.52,2052.56
2016/10/24 0:00,2053.08,2073.42,2049.73,2070.21
2016/10/25 0:00,2071.17,2077.8,2070.61,2077.75
2016/10/26 0:00,2077.29,2077.31,2063.19,2069.36
2016/10/27 0:00,2067.07,2068.47,2059.48,2068.09
2016/10/28 0:00,2067.11,2074.88,2051.98,2052.02
2016/10/31 0:00,2046.27,2052.65,2035.58,2050.28
2016/11/1 0:00,2051.93,2073.11,2051.93,2073.11
2016/11/2 0:00,2069.16,2075.04,2058.76,2060.05
2016/11/3 0:00,2055.16,2085.92,2053.54,2071.59
2016/11/4 0:00,2071.6,2081.12,2063.2,2067.15
2016/11/7 0:00,2066.96,2072.59,2060.78,2066.81
2016/11/8 0:00,2073.17,2082.89,2070.83,2080.43
2016/11/9 0:00,2080.56,2082.84,2041.33,2068.47
2016/11/10 0:00,2083.71,2098.37,2083.71,2096.89
2016/11/11 0:00,2097.04,2108.03,2093.96,2108.03
2016/11/14 0:00,2104,2120.35,2101.7,2114.3
2016/11/15 0:00,2114.16,2124.4,2107.26,2124.4
2016/11/16 0:00,2126.45,2131.95,2124,2124.85
2016/11/17 0:00,2119.86,2121.25,2106.92,2116.86
2016/11/18 0:00,2117.82,2123.44,2108.63,2111.28
2016/11/21 0:00,2110.6,2122.74,2110.29,2118.94
2016/11/22 0:00,2121.94,2137.88,2121.94,2137.88
2016/11/23 0:00,2140.52,2143.78,2125.18,2129.51
2016/11/24 0:00,2126.85,2133.85,2116.88,2121.49
2016/11/25 0:00,2119.73,2129.85,2088.32,2129.85
2016/11/28 0:00,2134.62,2136.92,2125.56,2126.82
2016/11/29 0:00,2122.44,2131.79,2110.31,2110.36
2016/11/30 0:00,2106.57,2116.28,2100.3,2106.91
2016/12/1 0:00,2110.04,2119.69,2110.04,2119.69
2016/12/2 0:00,2119.18,2120.22,2083.4,2084.49
2016/12/5 0:00,2063.07,2084.24,2059.25,2068.17
2016/12/6 0:00,2071.45,2078.51,2068.92,2071.44
2016/12/7 0:00,2071.51,2090.33,2067.13,2090.33
2016/12/8 0:00,2091.67,2091.96,2076.15,2077.37
2016/12/9 0:00,2075.11,2079.56,2066.16,2070.01
2016/12/12 0:00,2068.71,2069.45,1967.72,1969.33
2016/12/13 0:00,1963.15,1982.2,1946.7,1975.88
2016/12/14 0:00,1973,1980.04,1954.81,1959.86
2016/12/15 0:00,1953.2,1985.6,1951.92,1972.9
2016/12/16 0:00,1973.58,1993.26,1971.98,1991.64
2016/12/19 0:00,1990.8,1990.8,1979.56,1984.1
2016/12/20 0:00,1982.48,1984.31,1972.92,1981.32
2016/12/21 0:00,1985.02,1996.36,1985.02,1996.03
2016/12/22 0:00,1995.65,1996.58,1984.43,1993.37
2016/12/23 0:00,1992.32,1993.4,1969.51,1971.06
2016/12/26 0:00,1963.09,1978.37,1942.14,1978.37
2016/12/27 0:00,1977.68,1985.88,1976.45,1979.73
2016/12/28 0:00,1978.47,1982.91,1968.68,1972.35
2016/12/29 0:00,1969.03,1979.41,1965.16,1966.24
2016/12/30 0:00,1967.53,1973.85,1962.44,1969.11
2017/1/3 0:00,1972.55,1985.95,1972.55,1985.95
2017/1/4 0:00,1986.49,2008.79,1984.38,2008.79
2017/1/5 0:00,2008.34,2011.26,2005,2005.58
2017/1/6 0:00,2003.36,2003.59,1987.39,1988.13
2017/1/9 0:00,1985.76,1995.12,1981.04,1994.15
2017/1/10 0:00,1993.06,1999.69,1988.2,1989.29
2017/1/11 0:00,1985.86,1992.08,1968.43,1968.43
2017/1/12 0:00,1966.66,1973.06,1949.75,1951.31
2017/1/13 0:00,1951,1953.93,1918.97,1921
2017/1/16 0:00,1914.95,1915.02,1804.53,1851.41
2017/1/17 0:00,1844.5,1873.02,1823.51,1873.02
2017/1/18 0:00,1867.98,1875.64,1860.52,1864.59
2017/1/19 0:00,1858.98,1868.6,1850.61,1857.46
2017/1/20 0:00,1854.68,1889.24,1854.68,1885.77
2017/1/23 0:00,1888.09,1907.04,1888.09,1902.14
2017/1/24 0:00,1901.53,1902.14,1893.88,1896.45
2017/1/25 0:00,1894.24,1907.07,1892.3,1904.04
2017/1/26 0:00,1906.69,1917.32,1906.65,1917.32
2017/2/3 0:00,1918.79,1920.09,1904.67,1909.79
2017/2/6 0:00,1910.21,1927.57,1906.84,1927.57
2017/2/7 0:00,1925.9,1931.19,1917.91,1927.17
2017/2/8 0:00,1924.23,1941.79,1915.31,1941.79
2017/2/9 0:00,1940.84,1956.38,1939.63,1954.62
2017/2/10 0:00,1954.79,1956.77,1947.84,1950.32
2017/2/13 0:00,1948.93,1965.31,1946.99,1964.75
2017/2/14 0:00,1964.78,1966.82,1958.43,1964.32
2017/2/15 0:00,1963.06,1968.62,1943.64,1947.04
2017/2/16 0:00,1945.51,1958.67,1943.25,1958.12
2017/2/17 0:00,1958.26,1964.56,1941.76,1945.11
2017/2/20 0:00,1944.29,1962.53,1943.76,1962.53
2017/2/21 0:00,1964.14,1981.14,1963.19,1981.14
2017/2/22 0:00,1980.99,1990.34,1977.52,1990.34
2017/2/23 0:00,1990.26,1992.78,1980.66,1991.98
2017/2/24 0:00,1990.85,2000.9,1989.12,2000.38
2017/2/27 0:00,2001.63,2003.67,1987.15,1988.77
2017/2/28 0:00,1990.34,2001.32,1989.15,2001.32
2017/3/1 0:00,2004,2016.3,2002.65,2008.87
2017/3/2 0:00,2010.72,2013.52,1996.9,1997.72
2017/3/3 0:00,1991.83,2003.81,1985.53,2001.91
2017/3/6 0:00,2003.56,2025.54,2003.56,2025.54
2017/3/7 0:00,2026.18,2031.63,2020.68,2031.63
2017/3/8 0:00,2030.92,2030.92,2017.85,2024.28
2017/3/9 0:00,2021.43,2021.44,2005.36,2009.55
2017/3/10 0:00,2008.17,2018.34,2008.17,2013.64
2017/3/13 0:00,2012.69,2029.89,2000.76,2029.89
2017/3/14 0:00,2030.24,2034.51,2023.48,2027.11
2017/3/15 0:00,2023.72,2029.29,2018.65,2026.76
2017/3/16 0:00,2030.61,2046.31,2030.61,2046.31
2017/3/17 0:00,2047.15,2054.02,2029.59,2029.73
2017/3/20 0:00,2028,2036.05,2021.54,2036.05
2017/3/21 0:00,2035.01,2043.94,2033.01,2043.94
2017/3/22 0:00,2034.56,2042.37,2024.2,2037.89
2017/3/23 0:00,2038.32,2046.59,2017.07,2038.6
2017/3/24 0:00,2038.33,2048.89,2035.78,2046.74
2017/3/27 0:00,2047.02,2048.83,2037.5,2039.41
2017/3/28 0:00,2037.92,2041.84,2030.93,2034.22
2017/3/29 0:00,2034.67,2036.8,2016.77,2019.39
2017/3/30 0:00,2015.2,2015.2,1975.98,1979.58
2017/3/31 0:00,1978.93,1988.9,1975.27,1986.47
2017/4/5 0:00,1995.81,2023.2,1995.81,2023.2
2017/4/6 0:00,2026.3,2032.29,2022.57,2029.21
2017/4/7 0:00,2027.87,2034.79,2024.42,2028.33
2017/4/10 0:00,2025.25,2025.25,2006.48,2008.5
2017/4/11 0:00,2006.66,2022.5,1986.75,2022.38
2017/4/12 0:00,2020.61,2021.74,2006.42,2007
2017/4/13 0:00,2004.32,2020.66,2002.85,2014.67
2017/4/14 0:00,2014.82,2014.85,1985.23,1986.65
2017/4/17 0:00,1976.15,1976.15,1949.75,1958.55
2017/4/18 0:00,1957.04,1968.3,1944.72,1946.42
2017/4/19 0:00,1939.65,1940.87,1910.65,1932.46
2017/4/20 0:00,1931.68,1942.06,1916.21,1928.78
2017/4/21 0:00,1928.42,1936.28,1918.35,1920.23
2017/4/24 0:00,1914.26,1914.26,1869.41,1873.37
2017/4/25 0:00,1874.28,1892.94,1873.25,1882.86
2017/4/26 0:00,1881.4,1895.23,1880.98,1889.79
2017/4/27 0:00,1885.02,1902.56,1853.5,1900.03
2017/4/28 0:00,1895.56,1906.92,1893.07,1906.92
2017/5/2 0:00,1903.32,1907.79,1897.98,1906.88
2017/5/3 0:00,1904.55,1911.13,1893.55,1901.75
2017/5/4 0:00,1897.09,1912.62,1887.18,1896.36
2017/5/5 0:00,1890.47,1893.05,1872.79,1872.79
2017/5/8 0:00,1867.53,1870.21,1835.59,1835.59
2017/5/9 0:00,1828.34,1847.64,1818.12,1847.64
2017/5/10 0:00,1846.92,1859.38,1822.1,1822.56
2017/5/11 0:00,1811.21,1819.15,1777.52,1819.15
2017/5/12 0:00,1815.33,1823.77,1805.31,1820.2
2017/5/15 0:00,1823.26,1832.47,1823.26,1827.02
2017/5/16 0:00,1823.48,1865.27,1812.57,1865.27
2017/5/17 0:00,1863.98,1878.73,1862.77,1867.68
2017/5/18 0:00,1853.59,1870.62,1849.03,1855.99
2017/5/19 0:00,1855.8,1861.63,1845.21,1853.71
2017/5/22 0:00,1851.87,1858.58,1822.57,1828.22
2017/5/23 0:00,1823.44,1827.77,1788.55,1789.47
2017/5/24 0:00,1781.27,1798.87,1757.78,1798.87
2017/5/25 0:00,1795.68,1815.84,1779.15,1811.9
2017/5/26 0:00,1810.54,1818.31,1805.87,1810.11
2017/5/31 0:00,1828.01,1834.74,1807.49,1808.3
2017/6/1 0:00,1802.08,1803.89,1773.2,1773.61
2017/6/2 0:00,1767.3,1791.44,1753.53,1788.6
2017/6/5 0:00,1791.11,1805,1791.11,1800.93
2017/6/6 0:00,1798.85,1810.8,1795.7,1810.8
2017/6/7 0:00,1810.55,1850.53,1809.96,1850.53
2017/6/8 0:00,1850.61,1858.26,1848.7,1852.86
2017/6/9 0:00,1852.4,1857.67,1844.88,1857.17
2017/6/12 0:00,1849.37,1853.77,1835.15,1836.76
2017/6/13 0:00,1834.01,1861.44,1833.78,1859.88
2017/6/14 0:00,1857.69,1860.88,1850.79,1852.79
2017/6/15 0:00,1849.88,1871.8,1849.87,1869.71
2017/6/16 0:00,1869.66,1872.14,1863.24,1866.05
2017/6/19 0:00,1865.06,1876.85,1865.06,1876.85
2017/6/20 0:00,1879.45,1886.15,1876.47,1879.06
2017/6/21 0:00,1883.53,1887.19,1872.72,1887.19
2017/6/22 0:00,1885.81,1891.41,1862.84,1862.84
2017/6/23 0:00,1859.68,1871.34,1842.92,1871.34
2017/6/26 0:00,1871.72,1896.79,1871.72,1896.79
2017/6/27 0:00,1896.34,1901.87,1889.91,1898.54
2017/6/28 0:00,1894,1894.05,1880.86,1883.37
2017/6/29 0:00,1884.47,1896.2,1884.47,1892.27
2017/6/30 0:00,1886.67,1898.83,1883.89,1897.69
2017/7/3 0:00,1898.32,1905.2,1890.89,1905.2
2017/7/4 0:00,1904.26,1904.26,1891.24,1896.53
2017/7/5 0:00,1894.7,1913.14,1892.45,1913.14
2017/7/6 0:00,1911.98,1917.26,1898.92,1914.59
2017/7/7 0:00,1910.41,1918.13,1908.39,1918.13
2017/7/10 0:00,1914.19,1916.78,1903.19,1905.37
2017/7/11 0:00,1902.58,1909.02,1891.6,1891.6
2017/7/12 0:00,1890.46,1894.98,1868.32,1889.45
2017/7/13 0:00,1887.74,1892.58,1883.39,1888.7
2017/7/14 0:00,1885.53,1885.61,1875.51,1881.01
2017/7/17 0:00,1872.23,1872.33,1795.65,1800.54
2017/7/18 0:00,1792.01,1811.33,1784.42,1811.33
2017/7/19 0:00,1807.31,1839.06,1803.69,1839.06
2017/7/20 0:00,1837.48,1853.86,1836.16,1847.97
2017/7/21 0:00,1845.4,1852.28,1842.88,1845.81
2017/7/24 0:00,1842.91,1855.13,1840.23,1854.67
2017/7/25 0:00,1853.02,1857.43,1841.39,1848.59
2017/7/26 0:00,1849.65,1851.98,1833.93,1843.12
2017/7/27 0:00,1840.83,1868.28,1831.86,1865.96
2017/7/28 0:00,1863.13,1871.84,1861.69,1868.37
2017/7/31 0:00,1868.18,1881.15,1864.3,1879.1
2017/8/1 0:00,1878.62,1882.68,1873.35,1882.47
2017/8/2 0:00,1882.02,1885.45,1868.28,1869.32
2017/8/3 0:00,1866.01,1879.87,1862.76,1869.21
2017/8/4 0:00,1868.23,1872.01,1858.49,1858.49
2017/8/7 0:00,1857.27,1872.29,1856.89,1872.29
2017/8/8 0:00,1872.76,1881.69,1867.96,1879.16
2017/8/9 0:00,1877.94,1885.59,1873.1,1885.55
2017/8/10 0:00,1881.79,1888.85,1860.24,1872.6
2017/8/11 0:00,1860.12,1867.12,1840.98,1842.6
2017/8/14 0:00,1844.48,1879.77,1844.48,1879.77
2017/8/15 0:00,1881.1,1887.28,1877.18,1887.28
2017/8/16 0:00,1885.71,1901.64,1880.26,1898.39
2017/8/17 0:00,1898.01,1909.73,1896.33,1909.38
2017/8/18 0:00,1898.36,1906.05,1894.15,1902.25
2017/8/21 0:00,1903.78,1916.42,1903.78,1916.42
2017/8/22 0:00,1916.19,1916.27,1904.59,1908.32
2017/8/23 0:00,1905.99,1909.23,1895.17,1902
2017/8/24 0:00,1901.37,1903.31,1887.64,1890.48
2017/8/25 0:00,1890.35,1911.55,1890.32,1910.13
2017/8/28 0:00,1913.16,1943.16,1913.16,1936.76
2017/8/29 0:00,1935.55,1939.51,1928.85,1932.06
2017/8/30 0:00,1931.02,1940.8,1931.02,1938.9
2017/8/31 0:00,1939.77,1944.94,1934.18,1944.94
2017/9/1 0:00,1946.32,1956.35,1943.14,1956.35
2017/9/4 0:00,1956.23,1968.85,1952.28,1968.12
2017/9/5 0:00,1967.06,1973.38,1961.43,1972.14
2017/9/6 0:00,1967,1979.53,1963.44,1979.53
2017/9/7 0:00,1980.37,1987.74,1972.22,1972.74
2017/9/8 0:00,1971.17,1981.52,1964.89,1975.87
2017/9/11 0:00,1976.61,1991.73,1974.45,1991.73
2017/9/12 0:00,1993.16,2001.58,1982.74,1986.21
2017/9/13 0:00,1984.9,1994.98,1980.83,1994.98
2017/9/14 0:00,1995.5,2002.42,1987.16,1993.53
2017/9/15 0:00,1991.38,1995.64,1982.62,1987.99
2017/9/18 0:00,1986.32,2002.74,1986.32,2002.74
2017/9/19 0:00,2003.49,2006.73,1989.67,1995.6
2017/9/20 0:00,1994.14,2012.23,1992.7,2012.23
2017/9/21 0:00,2011.98,2015.42,1995.42,1995.42
2017/9/22 0:00,1989.97,1992.99,1979.76,1988.59
2017/9/25 0:00,1985.92,1987.17,1961.57,1963.9
2017/9/26 0:00,1961.43,1966.67,1953.32,1964.03
2017/9/27 0:00,1963.61,1982.16,1963.61,1979.28
2017/9/28 0:00,1977.56,1984.66,1974.65,1974.78
2017/9/29 0:00,1976.46,1989.05,1976.46,1988.49
2017/10/9 0:00,2013.57,2019.34,2007.05,2014.43
2017/10/10 0:00,2013.81,2030.18,2012.64,2030.18
2017/10/11 0:00,2030.22,2034.52,2024.81,2026.47
2017/10/12 0:00,2025.16,2028.92,2010.39,2023.36
2017/10/13 0:00,2023.7,2037.04,2022.63,2036.81
2017/10/16 0:00,2035.7,2036.17,2005.13,2005.95
2017/10/17 0:00,2002.15,2014.16,1996.64,2008.06
2017/10/18 0:00,2007.89,2014.51,1996.2,2000.11
2017/10/19 0:00,1998.21,2001.37,1981.39,1983.72
2017/10/20 0:00,1979.36,1999.68,1977.92,1999.68
2017/10/23 0:00,1999.29,2012.05,1997.82,2012.05
2017/10/24 0:00,2009.55,2011.3,1996.77,2009.65
2017/10/25 0:00,2008.31,2025.32,2007.32,2025.32
2017/10/26 0:00,2023.62,2035.27,2020.74,2030.35
2017/10/27 0:00,2029.09,2032.76,2020.68,2023.5
2017/10/30 0:00,2021.53,2023.57,1971.63,1988.48
2017/10/31 0:00,1985.23,2002.28,1984.53,2002.28
2017/11/1 0:00,2002.51,2012.14,2000.11,2003.44
2017/11/2 0:00,2000.92,2000.92,1986.03,1989.98
2017/11/3 0:00,1988.87,1994.51,1966.65,1975.92
2017/11/6 0:00,1976.31,1999.3,1970.2,1999.3
2017/11/7 0:00,1998.75,2012.72,1996.76,2012.72
2017/11/8 0:00,2011.08,2029.61,2009.54,2013.71
2017/11/9 0:00,2012.75,2028.69,2011.23,2028.69
2017/11/10 0:00,2026.64,2041.66,2024.44,2039.17
2017/11/13 0:00,2040.21,2046.67,2034.96,2045.18
2017/11/14 0:00,2044.32,2045.27,2018.61,2025.78
2017/11/15 0:00,2019.85,2023.75,1995.18,2005.61
2017/11/16 0:00,2002.45,2014.77,1999.07,2010.13
2017/11/17 0:00,2006.88,2008.75,1954.05,1954.3
2017/11/20 0:00,1944.25,1971.93,1913.03,1971.93
2017/11/21 0:00,1968.73,1989.31,1966.05,1987.45
2017/11/22 0:00,1986.94,1996.99,1965.83,1982.28
2017/11/23 0:00,1976.23,1976.23,1923.26,1924.45
2017/11/24 0:00,1917.12,1931.75,1910.27,1922.72
2017/11/27 0:00,1918.19,1918.19,1890.43,1892.82
2017/11/28 0:00,1890.19,1918.32,1890.19,1918.32
2017/11/29 0:00,1918.84,1920.94,1894.53,1919.06
2017/11/30 0:00,1912.67,1918.94,1896.54,1901.86
2017/12/1 0:00,1900.25,1921.91,1899.75,1916.8
2017/12/4 0:00,1914.34,1919.01,1901.36,1902.91
2017/12/5 0:00,1898.43,1906.36,1857.57,1866.98
2017/12/6 0:00,1863.42,1879.65,1845.37,1879.65
2017/12/7 0:00,1875.52,1881.44,1866.78,1868.42
2017/12/8 0:00,1865.77,1895.09,1865.52,1891.51
2017/12/11 0:00,1894.55,1919.69,1894.55,1919.69
2017/12/12 0:00,1919.24,1920.84,1900.98,1901.09
2017/12/13 0:00,1898.09,1915.77,1897.46,1915.77
2017/12/14 0:00,1914.7,1918.63,1905.88,1915
2017/12/15 0:00,1912.47,1914.39,1895.69,1901.2
2017/12/18 0:00,1899.19,1903.47,1882.31,1889.13
2017/12/19 0:00,1889.19,1905.62,1889.14,1905.62
2017/12/20 0:00,1905.21,1905.59,1888.68,1891.52
2017/12/21 0:00,1889.09,1909.57,1876.91,1905.05
2017/12/22 0:00,1903.57,1909.06,1899.1,1901.56
2017/12/25 0:00,1900.4,1904.23,1878.68,1883.89
2017/12/26 0:00,1882.11,1892.21,1871.67,1892.02
2017/12/27 0:00,1890.58,1893.87,1878.02,1878.8
2017/12/28 0:00,1876.82,1893.92,1874.93,1887.34
2017/12/29 0:00,1888.05,1899.34,1887.41,1899.34
2018/1/2 0:00,1903.49,1919.2,1903.4,1919.2
2018/1/3 0:00,1919.04,1937.2,1916.94,1934
2018/1/4 0:00,1932.19,1941.19,1930.05,1940.96
2018/1/5 0:00,1939.8,1946.03,1936.68,1941.8
2018/1/8 0:00,1941.31,1945.98,1931.8,1945.98
2018/1/9 0:00,1944.57,1952.18,1942.43,1952.18
2018/1/10 0:00,1951.25,1951.47,1931.5,1945.66
2018/1/11 0:00,1941.6,1955.47,1935.25,1953.12
2018/1/12 0:00,1951.34,1956.62,1943.9,1948.93
2018/1/15 0:00,1945.28,1946.78,1909.52,1913.77
2018/1/16 0:00,1909.98,1928.13,1909.91,1927.56
2018/1/17 0:00,1924.41,1925.45,1899.38,1921.74
2018/1/18 0:00,1918.65,1928.74,1917.94,1924.2
2018/1/19 0:00,1923.18,1935.09,1918.49,1921.54
2018/1/22 0:00,1917.91,1943.91,1912.37,1943.91
2018/1/23 0:00,1943.36,1952.21,1943,1950.99
2018/1/24 0:00,1949.12,1961.66,1937.49,1960.93
2018/1/25 0:00,1957.15,1966.15,1952.85,1953.3
2018/1/26 0:00,1947.59,1956.14,1946.09,1950.21
2018/1/29 0:00,1948.35,1949.64,1915.3,1919.8
2018/1/30 0:00,1914.71,1921.39,1906.23,1909.57
2018/1/31 0:00,1898.44,1898.65,1872.12,1877.82
2018/2/1 0:00,1873.96,1878.92,1818.77,1821.06
2018/2/2 0:00,1807.3,1824.05,1780.36,1821.53
2018/2/5 0:00,1795.99,1812.91,1791.3,1806.3
2018/2/6 0:00,1771.08,1779.89,1726.04,1726.09
2018/2/7 0:00,1753.45,1761.53,1693.35,1714.39
2018/2/8 0:00,1709.5,1738.82,1709.2,1734.57
2018/2/9 0:00,1692.51,1701.99,1658.46,1679.26
2018/2/12 0:00,1688.03,1728.34,1688.03,1723.73
2018/2/13 0:00,1733.05,1748.64,1729.13,1730.83
2018/2/14 0:00,1732.24,1739.15,1723.19,1739.15
2018/2/22 0:00,1754.31,1772.57,1751.84,1771.97
2018/2/23 0:00,1772.47,1778.35,1761.81,1775.17
2018/2/26 0:00,1784.31,1816.88,1779.83,1815.02
2018/2/27 0:00,1815.28,1819.45,1805.34,1808.92
2018/2/28 0:00,1794.55,1818.04,1785.44,1811.78
2018/3/1 0:00,1800.89,1834.01,1797.3,1834.01
2018/3/2 0:00,1821.69,1836.06,1818.86,1822.21
2018/3/5 0:00,1825.59,1830.84,1818.38,1830.84
2018/3/6 0:00,1834.77,1852.22,1832.59,1852.22
2018/3/7 0:00,1849.33,1854.75,1836.37,1837.87
2018/3/8 0:00,1836.53,1856.47,1836.53,1856.47
2018/3/9 0:00,1858.78,1886.44,1858.21,1885.38
2018/3/12 0:00,1895.34,1908.84,1895.23,1908.84
2018/3/13 0:00,1906.18,1910.67,1894.86,1895.31
2018/3/14 0:00,1888.76,1895.88,1877.95,1878.51
2018/3/15 0:00,1870.48,1881.13,1854.22,1874.41
2018/3/16 0:00,1874.54,1881.3,1863.03,1863.03
2018/3/19 0:00,1861.82,1876.16,1854.95,1868.05
2018/3/20 0:00,1854.27,1872.69,1849.84,1872.33
2018/3/21 0:00,1875.4,1888.56,1857.69,1858.61
2018/3/22 0:00,1858.86,1867.49,1842.92,1849.6
2018/3/23 0:00,1792.38,1812.77,1740.91,1766.61
2018/3/26 0:00,1742.44,1790.35,1726.01,1790.35
2018/3/27 0:00,1807.88,1834.33,1807.88,1829.69
2018/3/28 0:00,1808.1,1831.7,1804.6,1812.36
2018/3/29 0:00,1818.5,1832.44,1807.32,1830.09
2018/3/30 0:00,1833.65,1854.09,1833.37,1853.72
2018/4/2 0:00,1858.43,1869.55,1853.63,1856.66
2018/4/3 0:00,1833.17,1844.36,1827.49,1842.23
2018/4/4 0:00,1847.16,1854.9,1830.72,1831.7
2018/4/9 0:00,1825.5,1839.83,1810.5,1831.83
2018/4/10 0:00,1833.14,1841.22,1819.76,1841.22
2018/4/11 0:00,1845.08,1857.1,1844.45,1850.97
2018/4/12 0:00,1848.55,1854.97,1837.76,1840.27
2018/4/13 0:00,1848.61,1854.28,1831.75,1834.38
2018/4/16 0:00,1829.55,1836.95,1811.03,1824.77
2018/4/17 0:00,1827.32,1831.87,1783.71,1784.56
2018/4/18 0:00,1795.72,1806.71,1759.56,1803.84
2018/4/19 0:00,1803.78,1824.66,1801.55,1814.64
2018/4/20 0:00,1807.75,1814.63,1776.33,1778.34
2018/4/23 0:00,1777.92,1786.74,1746.81,1764.2
2018/4/24 0:00,1763.77,1804.41,1763.77,1804.41
2018/4/25 0:00,1796.56,1810.98,1794.26,1809.26
2018/4/26 0:00,1804.39,1805.25,1770.32,1770.4
2018/4/27 0:00,1778.68,1784.55,1761.7,1776.13
2018/5/2 0:00,1780.19,1790.55,1764.54,1774.9
2018/5/3 0:00,1771.82,1792.89,1753.72,1792.89
2018/5/4 0:00,1789.11,1798.7,1786.17,1789.07
2018/5/7 0:00,1792.32,1822.18,1792.32,1822.18
2018/5/8 0:00,1823.31,1836.62,1823.31,1836.22
2018/5/9 0:00,1834.01,1837.37,1826.06,1834.56
2018/5/10 0:00,1836.67,1844.04,1830.37,1844.04
2018/5/11 0:00,1845.96,1846.57,1825.11,1825.14
2018/5/14 0:00,1825.1,1832.8,1817.9,1823.25
2018/5/15 0:00,1825.27,1839.88,1817.51,1839.88
2018/5/16 0:00,1833.96,1845.17,1830.36,1832.27
2018/5/17 0:00,1831.4,1833.48,1818.98,1822.7
2018/5/18 0:00,1820.41,1829.56,1809.78,1828.79
2018/5/21 0:00,1838.73,1850.75,1838.73,1848.06
2018/5/22 0:00,1847.54,1855.16,1841.72,1855.16
2018/5/23 0:00,1851.36,1852.38,1834.72,1834.72
2018/5/24 0:00,1833.87,1837.86,1824.75,1827.05
2018/5/25 0:00,1825.43,1828.49,1808.14,1810.03
2018/5/28 0:00,1808.1,1818.6,1794.79,1806.08
2018/5/29 0:00,1802.42,1814.4,1786.55,1786.71
2018/5/30 0:00,1761.93,1764.7,1734.28,1736.34
2018/5/31 0:00,1748.79,1767.55,1738.47,1767.55
2018/6/1 0:00,1760.29,1767.59,1736.7,1746.33
2018/6/4 0:00,1749.62,1753.79,1738.26,1747.96
2018/6/5 0:00,1748.66,1777.73,1748.66,1777.73
2018/6/6 0:00,1776.43,1782.77,1773.04,1779.15
2018/6/7 0:00,1783.91,1785.96,1766.99,1767.96
2018/6/8 0:00,1764.01,1764.12,1739.42,1751.4
2018/6/11 0:00,1747.37,1752.64,1735.91,1741.18
2018/6/12 0:00,1741.86,1759.5,1726.44,1759.16
2018/6/13 0:00,1753.66,1754.64,1731.37,1731.43
2018/6/14 0:00,1725.03,1741.35,1716.77,1721.89
2018/6/15 0:00,1720.91,1725.74,1685.43,1691.65
2018/6/19 0:00,1664.05,1666.25,1579.47,1594.05
2018/6/20 0:00,1584.2,1619.54,1578.15,1612.6
2018/6/21 0:00,1610.22,1622.8,1577.75,1578.33
2018/6/22 0:00,1567.05,1598.36,1556.06,1597.39
2018/6/25 0:00,1608.25,1612.51,1586.45,1587.31
2018/6/26 0:00,1566.86,1598.52,1561.5,1596.17
2018/6/27 0:00,1596.26,1602.43,1570.15,1575.57
2018/6/28 0:00,1570.15,1585.4,1555.97,1556.82
2018/6/29 0:00,1559.47,1607.63,1557.31,1607.62
2018/7/2 0:00,1606.22,1611.6,1570.14,1582.26
2018/7/3 0:00,1582.34,1595.24,1549.49,1594.24
2018/7/4 0:00,1587.53,1589.2,1557.01,1563
2018/7/5 0:00,1560.79,1569.55,1527.72,1528.67
2018/7/6 0:00,1529.81,1556.2,1504.96,1535.98
2018/7/9 0:00,1540.57,1574.54,1540.57,1574.54
2018/7/10 0:00,1576.85,1585.78,1570.56,1585.78
2018/7/11 0:00,1558.21,1565.54,1534.39,1554.62
2018/7/12 0:00,1554.09,1601,1554.09,1597.17
2018/7/13 0:00,1597.84,1608.09,1595.34,1604.45
2018/7/16 0:00,1601.48,1607.6,1594.91,1602.84
2018/7/17 0:00,1599.99,1600.08,1581.46,1600.08
2018/7/18 0:00,1600.94,1607.99,1588.12,1588.12
2018/7/19 0:00,1588.46,1595.57,1569.88,1575.58
2018/7/20 0:00,1573.53,1596.76,1562.14,1593.3
2018/7/23 0:00,1583.28,1601.69,1578.49,1601.69
2018/7/24 0:00,1601.42,1628,1600.06,1625.84
2018/7/25 0:00,1626.38,1634.43,1621.47,1624.72
2018/7/26 0:00,1624.57,1627.34,1606.37,1609.73
2018/7/27 0:00,1607.8,1610.19,1595.8,1599.08
2018/7/30 0:00,1597.13,1600.09,1569.45,1576.79
2018/7/31 0:00,1574.05,1581.74,1568.78,1576.41
2018/8/1 0:00,1579.41,1584.92,1549.28,1549.28
2018/8/2 0:00,1542.88,1542.88,1481.33,1512.05
2018/8/3 0:00,1508.8,1514.7,1486.06,1486.06
2018/8/6 0:00,1481.83,1490.39,1446.87,1455.09
2018/8/7 0:00,1458.2,1495.05,1446.76,1495.05
2018/8/8 0:00,1491.85,1493.97,1466.32,1466.7
2018/8/9 0:00,1462.02,1512.41,1458.93,1505.64
2018/8/10 0:00,1505.09,1518.48,1503.12,1515.96
2018/8/13 0:00,1498.57,1521.99,1492.34,1520.71
2018/8/14 0:00,1518.48,1521.68,1508.79,1513.9
2018/8/15 0:00,1513.65,1513.77,1480.36,1481.82
2018/8/16 0:00,1463.99,1486.89,1451.51,1467.12
2018/8/17 0:00,1477.88,1483.09,1439.76,1442.38
2018/8/20 0:00,1441.31,1451.07,1421.03,1451.07
2018/8/21 0:00,1451.45,1473.26,1446.95,1471.28
2018/8/22 0:00,1468.31,1468.54,1452.78,1454.52
2018/8/23 0:00,1453.49,1469.93,1449.44,1463.69
2018/8/24 0:00,1460.64,1470.2,1454.78,1460.33
2018/8/27 0:00,1462.85,1496.71,1462.85,1496.71
2018/8/28 0:00,1497.05,1500.96,1491.42,1497.7
2018/8/29 0:00,1495.37,1496.11,1485.01,1489.29
2018/8/30 0:00,1487.24,1492.36,1465.88,1467.18
2018/8/31 0:00,1461.23,1464.28,1446.66,1451.38
2018/9/3 0:00,1447.86,1449.37,1429.11,1448.93
2018/9/4 0:00,1448.33,1468.58,1445.23,1465.79
2018/9/5 0:00,1461.37,1464.92,1442.25,1442.25
2018/9/6 0:00,1436.78,1450.27,1426.67,1431.86
2018/9/7 0:00,1434.26,1453.7,1424.23,1433.36
2018/9/10 0:00,1431.46,1431.87,1406.29,1406.92
2018/9/11 0:00,1406,1416.74,1399.01,1409.34
2018/9/12 0:00,1408.45,1415.85,1400.61,1403.6
2018/9/13 0:00,1415.69,1421.39,1393.02,1413.57
2018/9/14 0:00,1414.86,1416,1401.56,1402.51
2018/9/17 0:00,1394.71,1394.71,1377.41,1380.98
2018/9/18 0:00,1376.34,1404.15,1375.88,1404.15
2018/9/19 0:00,1400.61,1433.03,1398.39,1423.22
2018/9/20 0:00,1421.36,1429.77,1417.68,1420.02
2018/9/21 0:00,1423.13,1445.77,1416.73,1445.11
2018/9/25 0:00,1434.69,1443.43,1430.11,1437.31
2018/9/26 0:00,1439.75,1456.47,1435.77,1447.85
2018/9/27 0:00,1446.18,1448.39,1429.38,1429.61
2018/9/28 0:00,1431.36,1441.54,1427.95,1441.54
2018/10/8 0:00,1414.3,1416.27,1385.15,1386.28
2018/10/9 0:00,1388.88,1398.07,1378.77,1385.09
2018/10/10 0:00,1387.19,1392.41,1371.46,1383.05
2018/10/11 0:00,1340.34,1346.41,1286.06,1293.9
2018/10/12 0:00,1285.57,1302.36,1253.78,1296.36
2018/10/15 0:00,1299.71,1309.71,1278.87,1281.08
2018/10/16 0:00,1280.82,1288.91,1249.93,1256.37
2018/10/17 0:00,1271.12,1277.06,1239.7,1266.55
2018/10/18 0:00,1257.9,1257.9,1230.97,1232.01
2018/10/19 0:00,1215.33,1264.38,1212.23,1263.81
2018/10/22 0:00,1275.53,1336.27,1275.53,1325.73
2018/10/23 0:00,1325.48,1329.77,1292.16,1300.29
2018/10/24 0:00,1293.51,1313.76,1286.85,1297.22
2018/10/25 0:00,1259.75,1294.72,1253.88,1292.8
2018/10/26 0:00,1301.19,1309.25,1285.83,1290.62
2018/10/29 0:00,1282.92,1282.92,1258.92,1264.58
2018/10/30 0:00,1258.95,1286.3,1244.42,1276.45
2018/10/31 0:00,1278.51,1301.74,1277.27,1294.22
2018/11/1 0:00,1305.33,1326.03,1304.76,1306.31
2018/11/2 0:00,1331.95,1351.09,1326.4,1351.09
2018/11/5 0:00,1347.49,1359.91,1332.45,1351
2018/11/6 0:00,1346.04,1346.32,1328.74,1346.19
2018/11/7 0:00,1344.81,1358.75,1339.19,1340.37
2018/11/8 0:00,1349.2,1351.66,1332.63,1333.98
2018/11/9 0:00,1326.73,1336.78,1322.99,1328.19
2018/11/12 0:00,1326.25,1361.74,1324.63,1361.74
2018/11/13 0:00,1345.74,1391.73,1343.16,1383.92
2018/11/14 0:00,1381.43,1393.03,1375.34,1378.36
2018/11/15 0:00,1376.85,1398.4,1376.38,1398.4
2018/11/16 0:00,1399.52,1418.24,1393.2,1410.18
2018/11/19 0:00,1408.7,1417.43,1400.49,1417.43
2018/11/20 0:00,1404.62,1408.46,1377.9,1378.92
2018/11/21 0:00,1362.92,1387.83,1361.13,1386.43
2018/11/22 0:00,1390.05,1394.71,1380.1,1385.84
2018/11/23 0:00,1383.89,1384.94,1331.53,1335.15
2018/11/26 0:00,1332.72,1342.48,1325.4,1330.93
2018/11/27 0:00,1337.76,1343.24,1327.98,1336.68
2018/11/28 0:00,1336.31,1355.38,1322.75,1355.38
2018/11/29 0:00,1361.45,1364.94,1325.43,1325.43
2018/11/30 0:00,1322.16,1339.1,1311.1,1337.74
2018/12/3 0:00,1372.63,1386.59,1363.93,1381.55
2018/12/4 0:00,1378.37,1387.49,1375.1,1387.49
2018/12/5 0:00,1363.32,1388.39,1359.93,1380.78
2018/12/6 0:00,1371.17,1374.04,1349.67,1350.75
2018/12/7 0:00,1351.86,1356.42,1346.08,1350.7
2018/12/10 0:00,1339.49,1344.05,1328.52,1332.53
2018/12/11 0:00,1335.28,1343.9,1334.09,1343.9
2018/12/12 0:00,1348.77,1351.98,1342.22,1346.03
2018/12/13 0:00,1348.54,1367.77,1341.13,1360.92
2018/12/14 0:00,1357.42,1358.11,1326.75,1327.42
2018/12/17 0:00,1321.67,1324.95,1307.98,1323.31
2018/12/18 0:00,1315.08,1325.72,1302.39,1312.55
2018/12/19 0:00,1313.97,1315.66,1292.26,1294.49
2018/12/20 0:00,1291.51,1299.51,1285.95,1297.1
2018/12/21 0:00,1292.36,1293.95,1274.62,1284.66
2018/12/24 0:00,1281.32,1295.83,1278.05,1295.72
2018/12/25 0:00,1282.11,1289,1256.71,1285.19
2018/12/26 0:00,1283.91,1291.33,1278.07,1279.79
2018/12/27 0:00,1297.67,1300.29,1264.23,1264.23
2018/12/28 0:00,1265.99,1275.6,1257.8,1267.87
2019/1/2 0:00,1270.5,1271.96,1253.98,1256.39
2019/1/3 0:00,1254.13,1267.36,1245.5,1246.37
2019/1/4 0:00,1234.65,1279.49,1231.83,1279.49
2019/1/7 0:00,1287.07,1302.92,1283.36,1301.41
2019/1/8 0:00,1298.94,1302.82,1295.11,1299.89
2019/1/9 0:00,1303.64,1323.47,1300.53,1306.95
2019/1/10 0:00,1306.09,1313.96,1300.73,1303.48
2019/1/11 0:00,1304.83,1313.36,1300.47,1313.36
2019/1/14 0:00,1313.49,1315.31,1300.82,1303.75
2019/1/15 0:00,1301.78,1323.27,1298.71,1323.16
2019/1/16 0:00,1322.57,1328.99,1319.09,1321.52
2019/1/17 0:00,1320.91,1321.94,1307.85,1309.14
2019/1/18 0:00,1310.69,1322.2,1306.39,1322.14
2019/1/21 0:00,1323.71,1335.38,1322.44,1330.17
2019/1/22 0:00,1329.03,1329.03,1310.46,1314.58
2019/1/23 0:00,1310.82,1317.51,1309.28,1316.28
2019/1/24 0:00,1317.54,1327.11,1309.54,1322.3
2019/1/25 0:00,1322.9,1331.71,1318.65,1319.97
2019/1/28 0:00,1326.89,1334.38,1312.35,1314.99
2019/1/29 0:00,1311.12,1311.12,1280.03,1300.34
2019/1/30 0:00,1293.51,1302.79,1283.71,1283.71
2019/1/31 0:00,1282.95,1293.62,1267.26,1274.74
2019/2/1 0:00,1281.16,1309.99,1281.16,1309.99
2019/2/11 0:00,1312.81,1347.98,1312.81,1347.94
2019/2/12 0:00,1347.81,1367.08,1345.88,1364.15
2019/2/13 0:00,1366.27,1392.57,1364.28,1389.68
2019/2/14 0:00,1390.49,1404.86,1385.24,1398.84
2019/2/15 0:00,1396.07,1401.52,1387.81,1389.47
2019/2/18 0:00,1399.12,1440.95,1399.12,1440.95
2019/2/19 0:00,1447.24,1456.15,1427.4,1443.6
2019/2/20 0:00,1444.18,1449.75,1431.59,1448.24
2019/2/21 0:00,1447.3,1472.15,1438.98,1444.35
2019/2/22 0:00,1440.57,1477.25,1437.18,1477.25
2019/2/25 0:00,1499.87,1557.27,1498,1557.27
2019/2/26 0:00,1561.14,1581.57,1541.44,1549.71
2019/2/27 0:00,1546,1563.62,1523,1540.92
2019/2/28 0:00,1539.61,1556.94,1535.44,1546.33
2019/3/1 0:00,1556.68,1564.84,1540.06,1564.84
2019/3/4 0:00,1580.62,1627.91,1578.88,1599.48
2019/3/5 0:00,1595.68,1635.98,1589.48,1635.98
2019/3/6 0:00,1643.43,1660.91,1624.53,1660.41
2019/3/7 0:00,1658.24,1684.33,1639.66,1668.53
2019/3/8 0:00,1630.09,1673.4,1605.28,1605.28
2019/3/11 0:00,1615.67,1667.82,1609.91,1667.82
2019/3/12 0:00,1681.02,1710.39,1668.68,1695.81
2019/3/13 0:00,1696.15,1696.15,1646.13,1656.54
2019/3/14 0:00,1643.35,1658.01,1601.94,1618.26
2019/3/15 0:00,1628.02,1655.79,1623.16,1641.37
2019/3/18 0:00,1646.94,1685.79,1632.75,1685.79
2019/3/19 0:00,1686.45,1698.11,1676.84,1688.76
2019/3/20 0:00,1686.27,1689.58,1655.28,1684.57
2019/3/21 0:00,1685.76,1708.99,1680.52,1697.49
2019/3/22 0:00,1696.91,1702.49,1668.24,1700.94
2019/3/25 0:00,1671.62,1700.4,1666.39,1676.43
2019/3/26 0:00,1683.75,1689.13,1635.85,1639.94
2019/3/27 0:00,1650.51,1655.02,1623.69,1654.69
2019/3/28 0:00,1649.48,1668.39,1638.5,1639.72
2019/3/29 0:00,1640,1695.14,1635.8,1695.14
2019/4/1 0:00,1707.05,1756.11,1707.05,1755.67
2019/4/2 0:00,1763.71,1771.63,1750.79,1757.6
2019/4/3 0:00,1748.61,1773.07,1742.41,1772.09
2019/4/4 0:00,1777.23,1786.19,1762.64,1780.02
2019/4/8 0:00,1793.91,1799.1,1747.33,1770.2
2019/4/9 0:00,1769.34,1783.65,1759.38,1783.01
2019/4/10 0:00,1774.02,1794.77,1761.93,1779.28
2019/4/11 0:00,1777.82,1781.86,1738.94,1740.37
2019/4/12 0:00,1737.53,1747.04,1724.82,1738.52
2019/4/15 0:00,1762.3,1772.16,1723.38,1723.91
2019/4/16 0:00,1713.9,1760.02,1701.52,1760.02
2019/4/17 0:00,1760.31,1782.48,1758.11,1772.71
2019/4/18 0:00,1771.89,1776.63,1759.45,1762.3
2019/4/19 0:00,1760,1778.81,1747.24,1778.81
2019/4/22 0:00,1780.18,1780.55,1746.7,1751.91
2019/4/23 0:00,1748.87,1751.81,1724.91,1728.86
2019/4/24 0:00,1733.05,1747.88,1713.07,1747.88
2019/4/25 0:00,1740.26,1745.33,1687.65,1688.25
2019/4/26 0:00,1678.17,1691.38,1665.29,1665.8
2019/4/29 0:00,1665.5,1668.7,1622.65,1625.62
2019/4/30 0:00,1617.73,1645.9,1617.73,1636.59
2019/5/6 0:00,1576.77,1579.64,1506.32,1515.8
2019/5/7 0:00,1524.79,1549.64,1513.53,1540.31
2019/5/8 0:00,1508.96,1555.82,1502.48,1530.31
2019/5/9 0:00,1516.32,1532.34,1508.35,1510.72
2019/5/10 0:00,1528.07,1568.62,1499.56,1568.62
2019/5/13 0:00,1550.81,1563.97,1543.65,1551.75
2019/5/14 0:00,1533.31,1557.3,1532.53,1542.07
2019/5/15 0:00,1555.4,1580.82,1554.65,1577.92
2019/5/16 0:00,1576.69,1587.24,1571.87,1584.81
2019/5/17 0:00,1585.78,1586.65,1526.74,1533.22
2019/5/20 0:00,1529.93,1532.27,1496.86,1521.72
2019/5/21 0:00,1521.38,1552.87,1516.68,1548.68
2019/5/22 0:00,1546.59,1555.79,1530.96,1540.85
2019/5/23 0:00,1534.7,1534.7,1499.51,1503.37
2019/5/24 0:00,1497.8,1513.18,1491.66,1496.03
2019/5/27 0:00,1498.3,1536.63,1490.71,1533.52
2019/5/28 0:00,1534.42,1552.05,1529.53,1541.65
2019/5/29 0:00,1533.92,1552.65,1531.24,1541.66
2019/5/30 0:00,1537.05,1537.05,1514.44,1532.03
2019/5/31 0:00,1532.24,1546.46,1525.86,1531.86
2019/6/3 0:00,1535.89,1543.35,1510.29,1515.89
2019/6/4 0:00,1514.37,1515.35,1485.33,1494.15
2019/6/5 0:00,1507.04,1511.28,1491.71,1494.77
2019/6/6 0:00,1493.39,1493.39,1458.47,1463.7
2019/6/10 0:00,1468.4,1489.3,1462.23,1483.23
2019/6/11 0:00,1485.11,1538.81,1485.08,1538.23
2019/6/12 0:00,1534.89,1542.38,1525.25,1528.4
2019/6/13 0:00,1527.15,1536.49,1517.4,1532.79
2019/6/14 0:00,1534.24,1539.06,1503.8,1505.06
2019/6/17 0:00,1504.24,1513.62,1496.82,1502.12
2019/6/18 0:00,1502.91,1510.97,1492.59,1504.57
2019/6/19 0:00,1542.46,1548.72,1526.07,1526.77
2019/6/20 0:00,1525.5,1563.32,1520.05,1556.6
2019/6/21 0:00,1567.07,1582.28,1566.93,1577.44
2019/6/24 0:00,1578.9,1581.79,1568.63,1576.09
2019/6/25 0:00,1574.17,1574.17,1541.91,1560.46
2019/6/26 0:00,1551.64,1568.46,1546.86,1560.51
2019/6/27 0:00,1565.17,1583.58,1565.17,1577.56
2019/6/28 0:00,1576.58,1576.58,1553.75,1562.42
2019/7/1 0:00,1594.85,1616.55,1587.91,1616.55
2019/7/2 0:00,1615.38,1621.78,1610.28,1619.12
2019/7/3 0:00,1614.55,1614.58,1593.37,1600.02
2019/7/4 0:00,1602.18,1606.42,1583.67,1591.24
2019/7/5 0:00,1592.43,1604.85,1587.01,1601.2
2019/7/8 0:00,1597.71,1597.73,1546.18,1554.8
2019/7/9 0:00,1553.6,1561.47,1543.93,1558.11
2019/7/10 0:00,1562.45,1563.79,1545.08,1550.87
2019/7/11 0:00,1558.84,1569.7,1542.64,1548.93
2019/7/12 0:00,1550.21,1560.3,1542.35,1556.77
2019/7/15 0:00,1551.31,1578.7,1531.98,1572.34
2019/7/16 0:00,1570.08,1575.56,1566.87,1571.81
2019/7/17 0:00,1570.15,1581.97,1565.15,1574.35
2019/7/18 0:00,1567.14,1567.14,1548.61,1548.64
2019/7/19 0:00,1554.41,1572.69,1554.41,1560.27
2019/7/22 0:00,1562.53,1563.41,1527.52,1532.43
2019/7/23 0:00,1532.67,1545.87,1532.67,1545.87
2019/7/24 0:00,1550.16,1570.36,1550.16,1562.97
2019/7/25 0:00,1562.83,1573.38,1560.05,1572.8
2019/7/26 0:00,1568.08,1575.53,1565.04,1573.45
2019/7/29 0:00,1573.91,1578.34,1567.92,1574.95
2019/7/30 0:00,1575.88,1592.95,1575.88,1582.07
2019/7/31 0:00,1578.55,1578.55,1569.55,1571.3
2019/8/1 0:00,1563.53,1572.16,1555.6,1563.06
2019/8/2 0:00,1528.97,1541.82,1523.37,1539.86
2019/8/5 0:00,1534.27,1546.23,1517.27,1517.27
2019/8/6 0:00,1488.91,1496.45,1458.06,1490.3
2019/8/7 0:00,1499.45,1502.38,1483.95,1483.95
2019/8/8 0:00,1491.42,1501.77,1490.34,1498.95
2019/8/9 0:00,1505.81,1507.68,1477.36,1479.86
2019/8/12 0:00,1482.89,1508.99,1479.71,1508.99
2019/8/13 0:00,1497.83,1503.85,1492.97,1498.63
2019/8/14 0:00,1518.09,1523.23,1507.35,1509
2019/8/15 0:00,1477.55,1517.07,1473.09,1517.07
2019/8/16 0:00,1516.66,1536.98,1515.08,1525.48
2019/8/19 0:00,1542.32,1571.97,1539.77,1571.97
2019/8/20 0:00,1574.98,1584.03,1569.84,1574.12
2019/8/21 0:00,1570.72,1578.51,1567.39,1572.62
2019/8/22 0:00,1576.6,1579.15,1567.05,1578.91
2019/8/23 0:00,1579.69,1585.64,1571.41,1578.7
2019/8/26 0:00,1547.83,1570.94,1545.9,1566.57
2019/8/27 0:00,1576.44,1604.83,1576.44,1595.82
2019/8/28 0:00,1596.53,1598.92,1587.02,1593.82
2019/8/29 0:00,1596.06,1598.97,1587.06,1591.08
2019/8/30 0:00,1599.26,1603.14,1570.72,1579.25
2019/9/2 0:00,1581.5,1616.69,1581.01,1614.92
2019/9/3 0:00,1617.79,1625.56,1611.84,1625.56
2019/9/4 0:00,1622.39,1636.4,1619.33,1636.4
2019/9/5 0:00,1644.74,1670.14,1644.69,1651.63
2019/9/6 0:00,1657.91,1660.01,1644.33,1657.5
2019/9/9 0:00,1671.44,1689.21,1663.77,1689.21
2019/9/10 0:00,1690.34,1690.51,1676.28,1687.31
2019/9/11 0:00,1690.75,1692.99,1669.54,1671.54
2019/9/12 0:00,1675.82,1684.05,1667.32,1681.23
2019/9/16 0:00,1687.12,1691.39,1678.24,1685.09
2019/9/17 0:00,1681.06,1681.06,1645.21,1651.35
2019/9/18 0:00,1654.56,1660.91,1647.32,1655.61
2019/9/19 0:00,1659.92,1672.63,1650.96,1672.63
2019/9/20 0:00,1675.63,1680.25,1668.92,1675.35
2019/9/23 0:00,1670.1,1670.1,1647.71,1660.06
2019/9/24 0:00,1660.46,1678.95,1657.68,1665.56
2019/9/25 0:00,1658,1658,1638.53,1638.77
2019/9/26 0:00,1642.46,1644.23,1597.72,1597.72
2019/9/27 0:00,1597.5,1616.81,1597.5,1612.26
2019/9/30 0:00,1611.99,1618.15,1595.21,1595.21
2019/10/8 0:00,1598.67,1612.17,1596.48,1598.64
2019/10/9 0:00,1594.07,1609.1,1584.21,1609.1
2019/10/10 0:00,1608.82,1632.31,1605.34,1631.84
2019/10/11 0:00,1634.86,1643.51,1622.83,1636.96
2019/10/14 0:00,1650.87,1666.32,1647.97,1660.33
2019/10/15 0:00,1654.87,1654.87,1639.34,1641.95
2019/10/16 0:00,1641.92,1648.69,1634.69,1635.65
2019/10/17 0:00,1637.13,1640.49,1631.05,1635.92
2019/10/18 0:00,1638.15,1645.08,1613.48,1616.72
2019/10/21 0:00,1616.09,1616.12,1602.85,1614.87
2019/10/22 0:00,1617.65,1631.22,1616.03,1631.22
2019/10/23 0:00,1631.04,1631.94,1614.85,1618.4
2019/10/24 0:00,1617.38,1622.12,1605.49,1616.33
2019/10/25 0:00,1616.82,1633.79,1608.94,1632.4
2019/10/28 0:00,1640.59,1658.24,1640.12,1658.24
2019/10/29 0:00,1659.47,1659.47,1642.68,1642.68
2019/10/30 0:00,1635.81,1637.89,1624.57,1628.62
2019/10/31 0:00,1630.59,1633.65,1615,1616.19
2019/11/1 0:00,1612.31,1638.25,1609.34,1637
2019/11/4 0:00,1640.63,1652.67,1640.63,1646.7
2019/11/5 0:00,1648.7,1661.09,1640.94,1655.6
2019/11/6 0:00,1656.22,1656.26,1635.6,1641.23
2019/11/7 0:00,1639.71,1654.3,1637.69,1651.77
2019/11/8 0:00,1661.1,1666.14,1647.91,1648.68
2019/11/11 0:00,1638.1,1638.1,1608.97,1611.44
2019/11/12 0:00,1611.11,1615.73,1594.76,1614.19
2019/11/13 0:00,1613.68,1617.64,1605.96,1614.3
2019/11/14 0:00,1614.07,1627.79,1612.51,1624.13
2019/11/15 0:00,1622.82,1626.84,1605.7,1605.7
2019/11/18 0:00,1603.32,1618.54,1601.68,1617.19
2019/11/19 0:00,1618.1,1646.8,1616.93,1646.8
2019/11/20 0:00,1646.06,1650.08,1632.96,1635.16
2019/11/21 0:00,1628.72,1637.79,1624.55,1631.24
2019/11/22 0:00,1634.09,1646.49,1598.99,1607.51
2019/11/25 0:00,1606.74,1609.1,1586.88,1600.45
2019/11/26 0:00,1604.34,1609.62,1596.39,1605.64
2019/11/27 0:00,1601.4,1609.27,1593.79,1602
2019/11/28 0:00,1601.7,1607.58,1593.97,1597.85
2019/11/29 0:00,1597.11,1599.39,1578.75,1593.1
2019/12/2 0:00,1595.87,1603.05,1592.63,1596.6
2019/12/3 0:00,1591.66,1605.33,1584.23,1605.33
2019/12/4 0:00,1599.23,1611.22,1597.5,1608.52
2019/12/5 0:00,1612.75,1629.55,1611.56,1626.97
2019/12/6 0:00,1628.06,1640.33,1625.67,1640.33
2019/12/9 0:00,1644.16,1645.76,1636.55,1640.51
2019/12/10 0:00,1636.66,1646.82,1632.25,1646.82
2019/12/11 0:00,1645.66,1648.38,1635.21,1639.5
2019/12/12 0:00,1639.88,1644.55,1635.01,1636.33
2019/12/13 0:00,1648.38,1661.94,1645.95,1660.55
2019/12/16 0:00,1665.86,1686.41,1662.49,1686.41
2019/12/17 0:00,1687.09,1715.02,1685.79,1708.78
2019/12/18 0:00,1707.76,1718.63,1704.71,1709.44
2019/12/19 0:00,1710.04,1716.44,1705.06,1713.03
2019/12/20 0:00,1714.43,1719.71,1700.29,1700.29
2019/12/23 0:00,1695.01,1699.47,1666.86,1667.71
2019/12/24 0:00,1670.59,1690.74,1669.41,1690.74
2019/12/25 0:00,1689.13,1700.96,1687.68,1697.21
2019/12/26 0:00,1697.76,1709.45,1696.03,1709.45
2019/12/27 0:00,1712.2,1720.8,1696.86,1697.91
2019/12/30 0:00,1691.65,1713.51,1676.23,1713.51
2019/12/31 0:00,1712.52,1722.95,1711.08,1722.95